ticker,date,quarter,year,net_sentiment,avg_positive,avg_negative,avg_neutral,sentences_scored,same_day_close,next_day_open,next_day_close,overnight_gap,intraday_return,next_day_return,xlk_overnight_gap,abnormal_return
AAPL,2022-01-27,Q1,2022,0.277969,0.364426,0.086457,0.549117,343,155.8171,162.1684,166.6896,0.040761,0.02788,0.069778,0.012419,0.028342
AAPL,2022-04-28,Q2,2022,0.201536,0.334456,0.132919,0.532625,351,160.347,158.5832,154.4775,-0.011,-0.02589,-0.036605,-0.01091,-9e-05
AAPL,2022-07-28,Q3,2022,0.167197,0.305305,0.138109,0.556586,350,154.409,158.2263,159.4726,0.024722,0.007876,0.032793,0.003098,0.021624
AAPL,2022-10-27,Q4,2022,0.234396,0.353883,0.119487,0.52663,377,142.2913,145.6323,153.0417,0.023481,0.050877,0.075552,0.005556,0.017924
AAPL,2023-02-02,Q1,2023,0.217909,0.353444,0.135535,0.51102,352,148.4533,145.7071,152.0755,-0.018499,0.043707,0.0244,-0.017208,-0.001291
AAPL,2023-05-04,Q2,2023,0.228835,0.337191,0.108356,0.554454,333,163.4369,168.5483,171.1065,0.031275,0.015178,0.046927,0.009692,0.021582
AAPL,2023-08-03,Q3,2023,0.273959,0.376386,0.102427,0.521187,351,188.7188,183.1412,179.6565,-0.029555,-0.019028,-0.04802,-0.0034,-0.026155
AAPL,2023-11-03,Q4,2023,0.266369,0.35917,0.092801,0.548029,359,174.6204,174.3535,177.1707,-0.001528,0.016158,0.014605,0.001339,-0.002868
AAPL,2024-02-01,Q1,2024,0.29556,0.384576,0.089017,0.526407,320,184.9509,178.0224,183.9512,-0.037461,0.033304,-0.005405,-0.006794,-0.030667
AAPL,2024-05-02,Q2,2024,0.246603,0.347189,0.100586,0.552226,368,171.4798,184.9729,181.7371,0.078686,-0.017493,0.059816,0.027048,0.051638
AAPL,2024-08-01,Q3,2024,0.272123,0.352953,0.08083,0.566217,340,216.6993,217.4833,218.1879,0.003618,0.00324,0.006869,-0.026586,0.030204
AAPL,2024-10-31,Q4,2024,0.299178,0.353284,0.054107,0.592609,333,224.4495,219.5365,221.4689,-0.021889,0.008802,-0.01328,0.00108,-0.022969
ACN,2021-12-16,Q4,2021,0.259079,0.323594,0.064515,0.611891,365,369.4191,365.5091,365.3984,-0.010584,-0.000303,-0.010884,-0.011005,0.000421
ACN,2022-03-17,Q1,2022,0.244461,0.317277,0.072816,0.609907,391,295.3892,297.5804,299.5034,0.007418,0.006462,0.013928,-0.003554,0.010971
ACN,2022-06-23,Q2,2022,0.273201,0.34551,0.072309,0.58218,335,265.0474,264.6579,277.6029,-0.001469,0.048912,0.047371,0.011489,-0.012958
ACN,2022-09-22,Q3,2022,0.322801,0.395941,0.073141,0.530918,345,244.1137,241.1544,241.9361,-0.012123,0.003241,-0.00892,-0.009092,-0.00303
ACN,2022-12-16,Q4,2022,0.251945,0.357711,0.105766,0.536523,385,247.2261,245.9922,238.7385,-0.004991,-0.029488,-0.034332,0.00016,-0.005151
ACN,2023-03-23,Q1,2023,0.244242,0.340258,0.096016,0.563726,370,254.9496,253.814,255.2686,-0.004454,0.005731,0.001252,-0.00316,-0.001294
ACN,2023-06-22,Q2,2023,0.291405,0.360267,0.068862,0.570871,401,289.4884,282.6764,281.1783,-0.023531,-0.0053,-0.028706,-0.012317,-0.011215
ACN,2023-09-28,Q3,2023,0.281743,0.353987,0.072244,0.573769,416,284.3942,287.7793,290.389,0.011903,0.009069,0.021079,0.009855,0.002048
ACN,2023-12-19,Q4,2023,0.264086,0.349118,0.085032,0.56585,439,324.2489,328.0942,322.3405,0.011859,-0.017537,-0.005886,-0.001142,0.013001
ACN,2024-03-21,Q1,2024,0.216408,0.321744,0.105336,0.572919,395,328.7859,333.8364,321.6105,0.015361,-0.036623,-0.021824,4.8e-05,0.015313
ACN,2024-06-20,Q2,2024,0.339025,0.408382,0.069357,0.52226,363,292.9061,293.7384,295.604,0.002842,0.006351,0.009211,0.000219,0.002623
ACN,2024-09-26,Q3,2024,0.261226,0.332805,0.071578,0.595617,434,341.8803,342.38,336.0095,0.001461,-0.018606,-0.017172,0.001408,5.3e-05
ADBE,2022-03-22,Q1,2022,0.326731,0.374938,0.048206,0.576856,420,466.45,437.51,422.9,-0.062043,-0.033394,-0.093365,-0.009317,-0.052727
ADBE,2022-06-16,Q2,2022,0.305577,0.362007,0.05643,0.581563,451,365.08,349.24,360.79,-0.043388,0.033072,-0.011751,-0.000162,-0.043226
ADBE,2022-09-15,Q3,2022,0.337441,0.376456,0.039015,0.584528,416,309.13,298.32,299.5,-0.034969,0.003955,-0.031152,-0.008731,-0.026239
ADBE,2022-12-15,Q4,2022,0.343387,0.386999,0.043612,0.569389,378,328.71,345.0,338.54,0.049557,-0.018725,0.029905,-0.003406,0.052963
ADBE,2023-03-15,Q1,2023,0.291157,0.33449,0.043333,0.622177,387,333.61,344.57,353.29,0.032853,0.025307,0.058991,-0.003507,0.036359
ADBE,2023-06-15,Q2,2023,0.366264,0.395393,0.029129,0.575477,444,490.91,518.23,495.18,0.055652,-0.044478,0.008698,0.009506,0.046146
ADBE,2023-09-14,Q3,2023,0.296715,0.325279,0.028565,0.646156,406,552.16,532.11,528.89,-0.036312,-0.006051,-0.042144,-0.0036,-0.032712
ADBE,2023-12-13,Q4,2023,0.382108,0.422914,0.040806,0.53628,391,624.26,593.0,584.64,-0.050075,-0.014098,-0.063467,0.000784,-0.05086
ADBE,2024-03-14,Q1,2024,0.31234,0.349071,0.036731,0.614199,469,570.45,499.64,492.46,-0.12413,-0.01437,-0.136717,-0.014369,-0.109761
ADBE,2024-06-13,Q2,2024,0.326152,0.353144,0.026993,0.619863,427,458.74,530.25,525.31,0.155884,-0.009316,0.145115,-0.001411,0.157294
ADBE,2024-09-12,Q3,2024,0.312492,0.358054,0.045562,0.596384,381,586.55,532.565,536.87,-0.092038,0.008084,-0.084699,0.001231,-0.093269
ADBE,2024-12-11,Q4,2024,0.357725,0.403866,0.04614,0.549994,386,549.93,487.5,474.63,-0.113524,-0.0264,-0.136927,-0.006392,-0.107132
ADI,2022-02-16,Q1,2022,0.322653,0.384425,0.061773,0.553802,309,156.2956,154.2437,148.9516,-0.013128,-0.03431,-0.046988,-0.009323,-0.003805
ADI,2022-05-18,Q2,2022,0.342992,0.40817,0.065178,0.526652,268,149.1843,150.0518,150.1358,0.005815,0.00056,0.006378,-0.007488,0.013303
ADI,2022-08-17,Q3,2022,0.263479,0.364181,0.100703,0.535116,285,159.4287,157.1797,159.4287,-0.014107,0.014309,0.0,0.001,-0.015106
ADI,2022-11-22,Q4,2022,0.267087,0.372781,0.105694,0.521525,310,158.6086,159.4703,159.3337,0.005433,-0.000856,0.004572,-0.002177,0.00761
ADI,2023-02-15,Q1,2023,0.296519,0.37455,0.078031,0.547418,282,185.5731,184.036,183.3502,-0.008283,-0.003726,-0.011979,-0.014505,0.006222
ADI,2023-05-24,Q2,2023,0.192707,0.334423,0.141716,0.52386,314,164.6058,158.2477,163.8359,-0.038626,0.035313,-0.004677,0.02657,-0.065196
ADI,2023-08-23,Q3,2023,0.123182,0.285273,0.162092,0.552635,297,169.4802,168.8022,165.861,-0.004,-0.017424,-0.021355,0.012577,-0.016577
ADI,2023-11-21,Q4,2023,0.11659,0.332142,0.215552,0.452306,301,173.8961,174.7692,175.2585,0.005021,0.0028,0.007834,0.006306,-0.001285
ADI,2024-02-21,Q1,2024,0.08762,0.284568,0.196948,0.518484,278,186.7333,190.03,184.9886,0.017654,-0.026529,-0.009343,0.025847,-0.008193
ADI,2024-05-22,Q2,2024,0.238481,0.367151,0.128671,0.504178,269,232.5925,233.2898,227.169,0.002998,-0.026237,-0.023318,0.011434,-0.008436
ADI,2024-08-21,Q3,2024,0.147623,0.351714,0.204092,0.444194,460,221.2104,219.4407,215.7749,-0.008,-0.016705,-0.024571,0.005586,-0.013586
ADI,2024-11-26,Q4,2024,0.205153,0.358008,0.152856,0.489136,286,213.8899,214.1536,212.0542,0.001233,-0.009803,-0.008583,-0.006773,0.008005
ADSK,2021-05-27,Q2,2021,0.318961,0.372987,0.054026,0.572988,353,286.67,287.0,285.86,0.001151,-0.003972,-0.002826,0.005076,-0.003925
ADSK,2021-08-25,Q3,2021,0.346412,0.401649,0.055237,0.543114,364,342.27,317.2,310.19,-0.073246,-0.0221,-0.093727,-0.001207,-0.07204
ADSK,2021-11-23,Q4,2021,0.221188,0.3493,0.128112,0.522588,346,304.0,262.88,256.9,-0.135263,-0.022748,-0.154934,-0.005976,-0.129287
ADSK,2022-02-24,Q1,2022,0.294114,0.371269,0.077155,0.551576,345,218.18,218.18,219.62,0.0,0.0066,0.0066,0.00151,-0.00151
ADSK,2022-05-26,Q2,2022,0.276875,0.366841,0.089965,0.543194,413,191.63,204.0,211.38,0.064551,0.036176,0.103063,0.011182,0.05337
ADSK,2022-08-24,Q3,2022,0.276896,0.33303,0.056133,0.610837,366,214.43,234.72,220.15,0.094623,-0.062074,0.026675,0.002575,0.092048
ADSK,2022-11-22,Q4,2022,0.198552,0.326298,0.127746,0.545956,403,208.9,190.75,197.07,-0.086884,0.033132,-0.05663,-0.002177,-0.084706
ADSK,2023-02-23,Q1,2023,0.199454,0.326935,0.127481,0.545584,379,221.16,203.19,192.53,-0.081253,-0.052463,-0.129454,-0.017754,-0.063499
ADSK,2023-05-25,Q2,2023,0.233346,0.350478,0.117133,0.532389,388,197.56,200.77,198.9,0.016248,-0.009314,0.006783,0.002559,0.013689
ADSK,2023-08-23,Q3,2023,0.241484,0.354046,0.112562,0.533391,373,204.36,215.5,208.6,0.054512,-0.032019,0.020748,0.012577,0.041935
ADSK,2023-11-21,Q4,2023,0.228352,0.326442,0.098091,0.575467,389,217.67,201.25,202.66,-0.075435,0.007006,-0.068958,0.006306,-0.081741
ADSK,2024-02-29,Q1,2024,0.245922,0.343605,0.097683,0.558712,367,258.17,275.0,264.74,0.06519,-0.037309,0.025448,0.002561,0.062629
AKAM,2022-05-03,Q2,2022,0.142595,0.289984,0.147389,0.562626,499,113.8,99.05,102.765,-0.129613,0.037506,-0.096968,0.003894,-0.133507
AKAM,2022-05-09,Q2,2022,0.280689,0.384176,0.103486,0.512338,300,95.5,96.28,97.23,0.008168,0.009867,0.018115,0.023829,-0.015661
AKAM,2022-08-09,Q3,2022,0.153118,0.306276,0.153158,0.540566,406,95.08,95.44,95.99,0.003786,0.005763,0.009571,0.023768,-0.019982
AKAM,2022-11-08,Q4,2022,0.15737,0.299261,0.141891,0.558849,515,83.89,82.75,89.08,-0.013589,0.076495,0.061867,-0.00926,-0.004329
AKAM,2023-02-13,Q1,2023,0.21041,0.287789,0.077378,0.634833,549,87.97,87.99,87.79,0.000227,-0.002273,-0.002046,-0.004692,0.004919
AKAM,2023-02-14,Q1,2023,0.173025,0.276491,0.103466,0.620042,533,87.79,81.53,78.655,-0.071307,-0.035263,-0.104055,-0.006066,-0.06524
AKAM,2023-08-08,Q3,2023,0.266035,0.386932,0.120897,0.492172,41,94.95,101.5,102.99,0.068984,0.01468,0.084676,0.00135,0.067633
AKAM,2023-11-07,Q4,2023,0.198968,0.284192,0.085223,0.630585,434,108.86,109.62,110.56,0.006981,0.008575,0.015616,0.003433,0.003549
AKAM,2024-05-09,Q2,2024,0.178269,0.30186,0.123592,0.574548,433,102.46,94.2,91.19,-0.080617,-0.031953,-0.109994,0.005225,-0.085842
AKAM,2024-08-08,Q3,2024,0.210996,0.30688,0.095884,0.597236,461,91.57,98.01,101.51,0.070329,0.035711,0.108551,-0.000586,0.070915
AKAM,2024-11-07,Q4,2024,0.267277,0.399832,0.132555,0.467613,259,104.4,97.91,89.37,-0.062165,-0.087223,-0.143966,-0.001264,-0.060901
AMAT,2022-02-16,Q1,2022,0.265042,0.348899,0.083857,0.567244,419,135.7588,137.5598,131.4345,0.013266,-0.044528,-0.031853,-0.009323,0.022589
AMAT,2022-05-19,Q2,2022,0.258962,0.370499,0.111537,0.517964,422,106.8504,108.0661,102.7207,0.011378,-0.049464,-0.038649,0.013918,-0.00254
AMAT,2022-08-18,Q3,2022,0.227566,0.363657,0.136091,0.500253,361,104.7174,103.1312,101.1969,-0.015147,-0.018756,-0.03362,-0.00822,-0.006927
AMAT,2022-11-17,Q4,2022,0.21838,0.355435,0.137055,0.50751,377,101.2816,106.6536,101.524,0.05304,-0.048095,0.002393,0.011293,0.041747
AMAT,2023-02-16,Q1,2023,0.219524,0.345315,0.125791,0.528894,403,112.1599,113.511,112.2085,0.012046,-0.011475,0.000433,-0.007133,0.019179
AMAT,2023-05-18,Q2,2023,0.273474,0.363182,0.089708,0.54711,396,126.5806,125.0022,123.6869,-0.012469,-0.010522,-0.02286,0.000254,-0.012723
AMAT,2023-08-17,Q3,2023,0.330116,0.384334,0.054218,0.561449,402,134.4058,134.1519,139.3585,-0.00189,0.038812,0.036849,-0.010139,0.008249
AMAT,2023-11-16,Q4,2023,0.34057,0.439887,0.099316,0.460797,364,151.5543,139.0529,145.4651,-0.082488,0.046114,-0.040178,-0.002238,-0.08025
AMAT,2024-02-15,Q1,2024,0.345559,0.402901,0.057342,0.539757,373,184.1067,198.1948,195.7912,0.076521,-0.012128,0.063466,0.00269,0.073831
AMAT,2024-05-16,Q2,2024,0.347688,0.405312,0.057624,0.537064,369,210.3305,212.6595,208.4142,0.011073,-0.019963,-0.009111,0.002308,0.008765
AMAT,2024-08-15,Q3,2024,0.346095,0.417006,0.070912,0.512082,371,208.5502,201.7767,204.681,-0.032479,0.014394,-0.018553,-0.005293,-0.027185
AMAT,2024-11-14,Q4,2024,0.303419,0.400219,0.096801,0.50298,362,183.486,166.0598,166.5974,-0.094973,0.003238,-0.092043,-0.012365,-0.082608
AMD,2022-05-03,Q2,2022,0.357165,0.400563,0.043398,0.556039,424,91.13,98.18,99.42,0.077362,0.01263,0.090969,0.003894,0.073468
AMD,2022-08-02,Q3,2022,0.29826,0.390066,0.091806,0.518128,378,99.29,94.83,98.09,-0.044919,0.034377,-0.012086,0.004899,-0.049818
AMD,2022-11-01,Q4,2022,0.129429,0.318644,0.189215,0.492141,417,59.66,62.9999,58.63,0.055982,-0.069364,-0.017264,-0.00071,0.056692
AMD,2023-01-31,Q1,2023,0.254337,0.401466,0.147129,0.451405,402,75.15,78.47,84.64,0.044178,0.078629,0.126281,-0.000736,0.044914
AMD,2023-05-02,Q2,2023,0.229438,0.367904,0.138466,0.493631,418,89.91,83.54,81.62,-0.070849,-0.022983,-0.092203,0.001204,-0.072053
AMD,2023-08-01,Q3,2023,0.234553,0.346327,0.111774,0.541899,418,117.6,119.49,109.35,0.016071,-0.084861,-0.070153,-0.008788,0.02486
AMD,2023-10-31,Q4,2023,0.240216,0.371603,0.131387,0.497009,389,98.5,98.58,108.04,0.000812,0.095963,0.096853,0.001768,-0.000956
AMD,2024-01-30,Q1,2024,0.300104,0.401406,0.101302,0.497291,378,172.06,165.74,167.69,-0.036731,0.011765,-0.025398,-0.009509,-0.027223
AMD,2024-04-30,Q2,2024,0.307111,0.412796,0.105685,0.481518,399,158.38,148.11,144.27,-0.064844,-0.025927,-0.08909,-0.00535,-0.059494
AMD,2024-07-30,Q3,2024,0.388506,0.44953,0.061024,0.489446,345,138.44,150.73,144.48,0.088775,-0.041465,0.043629,0.03087,0.057905
AMD,2024-10-29,Q4,2024,0.363904,0.437078,0.073174,0.489748,431,166.25,153.01,148.6,-0.079639,-0.028822,-0.106165,-0.009129,-0.07051
ANET,2022-05-02,Q2,2022,0.109409,0.224433,0.115023,0.660544,472,29.565,28.2225,28.5075,-0.045408,0.010098,-0.035769,-0.000139,-0.045269
ANET,2022-08-01,Q3,2022,0.177493,0.299445,0.121951,0.578604,358,29.4025,30.7275,29.285,0.045064,-0.046945,-0.003996,-0.008616,0.053681
ANET,2022-10-31,Q4,2022,0.148536,0.26641,0.117874,0.615716,425,30.215,30.095,31.9275,-0.003972,0.060891,0.056677,0.012435,-0.016406
ANET,2023-02-14,Q1,2023,0.19302,0.29006,0.09704,0.612901,490,35.365,35.735,35.3825,0.010462,-0.009864,0.000495,-0.006066,0.016528
ANET,2023-05-01,Q2,2023,0.175646,0.278023,0.102377,0.619601,343,40.04,36.3275,33.745,-0.09272,-0.071089,-0.157218,0.001193,-0.093912
ANET,2023-07-31,Q3,2023,0.174595,0.257327,0.082732,0.659941,351,38.7725,44.375,46.4025,0.144497,0.04569,0.196789,-0.003252,0.147749
ANET,2023-10-30,Q4,2023,0.160576,0.254585,0.094009,0.651405,315,43.93,48.575,50.0925,0.105736,0.03124,0.14028,0.000491,0.105245
ANET,2024-02-12,Q1,2024,0.225864,0.303316,0.077453,0.619231,319,70.22,64.4725,66.3775,-0.08185,0.029547,-0.054721,-0.021672,-0.060178
ANET,2024-05-07,Q2,2024,0.164512,0.250424,0.085912,0.663665,384,68.4975,70.7875,72.9175,0.033432,0.03009,0.064528,-0.003574,0.037006
ANET,2024-07-30,Q3,2024,0.172738,0.250372,0.077633,0.671995,414,77.855,84.5,86.6375,0.085351,0.025296,0.112806,0.03087,0.054481
ANET,2024-11-07,Q4,2024,0.198289,0.286452,0.088164,0.625384,320,107.755,101.615,100.1125,-0.056981,-0.014786,-0.070925,-0.001264,-0.055718
APH,2022-04-27,Q2,2022,0.284551,0.390468,0.105917,0.503615,372,33.7333,34.2959,35.3633,0.016676,0.031123,0.048318,0.015716,0.00096
APH,2022-07-27,Q3,2022,0.295957,0.409292,0.113335,0.477373,381,35.9001,36.1317,36.9999,0.006449,0.024029,0.030633,0.001144,0.005305
APH,2022-10-26,Q4,2022,0.280182,0.385698,0.105517,0.508785,410,35.3985,35.6791,35.7371,0.007925,0.001627,0.009564,0.003742,0.004183
APH,2023-01-25,Q1,2023,0.279923,0.410555,0.130632,0.458813,441,38.4888,38.5713,38.0184,0.002142,-0.014334,-0.012223,0.009777,-0.007635
APH,2023-04-26,Q2,2023,0.294457,0.396409,0.101953,0.501638,363,36.0361,35.9435,36.4652,-0.002571,0.014514,0.011906,0.004722,-0.007293
APH,2023-07-26,Q3,2023,0.248394,0.418215,0.169821,0.411964,301,43.3089,43.7635,43.392,0.010497,-0.008489,0.001919,0.013518,-0.003022
APH,2023-10-25,Q4,2023,0.202923,0.353294,0.150371,0.496335,393,39.0337,39.4698,39.2983,0.011172,-0.004345,0.006779,0.001776,0.009397
APH,2024-01-24,Q1,2024,0.250662,0.379142,0.12848,0.492377,412,49.4339,48.825,49.5076,-0.012319,0.013981,0.00149,0.0092,-0.021519
APH,2024-04-24,Q2,2024,0.284951,0.368795,0.083844,0.547362,364,57.2343,56.6979,58.5629,-0.009372,0.032894,0.023214,-0.012473,0.003101
APH,2024-07-24,Q3,2024,0.336756,0.395141,0.058385,0.546474,419,61.1048,61.9131,60.8781,0.013228,-0.016717,-0.00371,-0.001065,0.014293
APH,2024-10-23,Q4,2024,0.322972,0.399935,0.076963,0.523102,337,67.6663,68.6447,68.9807,0.014459,0.004895,0.019425,0.004071,0.010388
AVGO,2022-03-03,Q1,2022,0.253895,0.326453,0.072558,0.600989,309,53.4846,54.7963,55.0921,0.024525,0.005398,0.030055,-0.007807,0.032332
AVGO,2022-06-02,Q2,2022,0.324953,0.371103,0.04615,0.582747,370,53.6762,52.9438,52.4272,-0.013646,-0.009756,-0.023269,-0.018965,0.00532
AVGO,2022-09-01,Q3,2022,0.2484,0.320114,0.071715,0.608171,266,46.1632,48.6017,46.9335,0.052824,-0.034324,0.016687,0.010327,0.042497
AVGO,2022-12-08,Q4,2022,0.206259,0.316485,0.110225,0.57329,571,50.2527,52.1319,51.5434,0.037395,-0.01129,0.025684,-0.004479,0.041875
AVGO,2023-03-02,Q1,2023,0.181818,0.28974,0.107922,0.602339,505,57.1205,58.9382,60.3751,0.031822,0.024381,0.056978,0.006414,0.025407
AVGO,2023-06-01,Q2,2023,0.176657,0.270798,0.094141,0.635061,485,75.918,75.9843,78.0371,0.000873,0.027016,0.027913,0.005905,-0.005032
AVGO,2023-08-31,Q3,2023,0.071329,0.217734,0.146405,0.635862,519,89.1755,87.1444,84.3085,-0.022776,-0.032543,-0.054579,0.006262,-0.029038
AVGO,2023-12-07,Q4,2023,0.184504,0.294211,0.109706,0.596083,519,89.6082,90.1504,91.7496,0.00605,0.01774,0.023898,-0.002161,0.008212
AVGO,2024-03-07,Q1,2024,0.177462,0.272079,0.094617,0.633305,542,137.3371,136.0916,127.7431,-0.009069,-0.061345,-0.069857,0.001805,-0.010874
AVGO,2024-06-12,Q2,2024,0.162693,0.280942,0.118249,0.600808,227,146.5761,167.5984,164.5591,0.143423,-0.018135,0.122687,0.009287,0.134135
AVGO,2024-09-05,Q3,2024,0.154655,0.280696,0.126041,0.593263,291,150.2739,140.8634,134.7126,-0.062623,-0.043665,-0.103553,-0.000812,-0.061811
AVGO,2024-12-12,Q4,2024,0.189079,0.291701,0.102622,0.605677,279,178.2125,211.0022,221.7545,0.183992,0.050958,0.244326,0.009032,0.17496
CDNS,2022-04-25,Q2,2022,0.307988,0.345869,0.037881,0.616249,290,151.1,158.0,151.54,0.045665,-0.040886,0.002912,-0.009089,0.054754
CDNS,2022-07-25,Q3,2022,0.304155,0.353385,0.04923,0.597385,301,167.66,170.54,170.75,0.017178,0.001231,0.01843,-0.000807,0.017984
CDNS,2023-02-13,Q1,2023,0.22617,0.293285,0.067114,0.639601,415,185.7,193.4,199.09,0.041465,0.029421,0.072106,-0.004692,0.046156
CDNS,2023-04-25,Q2,2023,0.213758,0.286141,0.072383,0.641477,396,203.9,203.9,203.61,0.0,-0.001422,-0.001422,0.017573,-0.017573
CDNS,2023-07-24,Q3,2023,0.264562,0.328893,0.064331,0.606775,472,241.27,231.82,238.29,-0.039168,0.02791,-0.012351,0.003231,-0.042398
CDNS,2023-10-23,Q4,2023,0.217327,0.277982,0.060655,0.661363,419,239.92,234.69,237.41,-0.021799,0.01159,-0.010462,0.00396,-0.025759
CDNS,2024-02-12,Q1,2024,0.266694,0.341475,0.074781,0.583745,455,306.58,290.0,294.33,-0.054081,0.014931,-0.039957,-0.021672,-0.032409
CDNS,2024-04-22,Q2,2024,0.24119,0.305641,0.064451,0.629909,449,285.02,278.0,281.76,-0.02463,0.013525,-0.011438,0.00417,-0.0288
CDNS,2024-07-22,Q3,2024,0.254968,0.305398,0.050431,0.644171,419,287.08,285.86,282.99,-0.00425,-0.01004,-0.014247,-0.004157,-9.2e-05
CDNS,2024-10-28,Q4,2024,0.246798,0.317336,0.070538,0.612125,442,252.77,274.94,284.45,0.087708,0.034589,0.125331,0.001911,0.085797
CDW,2022-05-04,Q2,2022,0.314166,0.413686,0.099519,0.486795,412,168.0344,166.1749,162.4368,-0.011067,-0.022495,-0.033313,-0.014711,0.003644
CDW,2022-08-03,Q3,2022,0.35889,0.454183,0.095293,0.450525,373,173.1794,172.3038,171.333,-0.005056,-0.005634,-0.010662,-0.000341,-0.004715
CDW,2022-11-02,Q4,2022,0.345131,0.435535,0.090404,0.474061,405,164.5257,161.7867,164.936,-0.016647,0.019466,0.002494,-0.013968,-0.002679
CDW,2023-02-08,Q1,2023,0.266456,0.39947,0.133014,0.467516,439,193.0492,195.0021,194.6766,0.010116,-0.001669,0.00843,0.015443,-0.005327
CDW,2023-05-03,Q2,2023,0.108561,0.31984,0.211279,0.468882,468,158.3812,156.6915,157.3156,-0.010669,0.003983,-0.006728,-0.00398,-0.006689
CDW,2023-08-02,Q3,2023,0.224724,0.372765,0.148042,0.479193,452,189.7972,188.4099,191.9938,-0.00731,0.019022,0.011574,-0.00815,0.000841
CDW,2023-11-01,Q4,2023,0.229421,0.381587,0.152166,0.466247,412,192.4407,193.4552,199.6973,0.005272,0.032266,0.037708,0.009032,-0.00376
CDW,2024-02-07,Q1,2024,0.218204,0.382202,0.163998,0.4538,377,230.2397,230.2397,236.4026,0.0,0.026768,0.026768,0.001712,-0.001712
CDW,2024-05-01,Q2,2024,0.108698,0.297305,0.188608,0.514087,388,208.4836,210.582,212.1751,0.010065,0.007566,0.017707,0.012766,-0.002702
CDW,2024-07-31,Q3,2024,0.169667,0.364717,0.195051,0.440232,343,212.451,210.5419,208.0483,-0.008986,-0.011844,-0.020723,-0.002742,-0.006244
CDW,2024-10-30,Q4,2024,0.095644,0.314227,0.218582,0.467191,371,190.5128,190.044,183.842,-0.002461,-0.032634,-0.035015,-0.010975,0.008514
CRM,2021-05-27,Q2,2021,0.26961,0.329099,0.059489,0.611411,466,222.5134,235.7067,234.6032,0.059292,-0.004682,0.054333,0.005076,0.054217
CRM,2021-08-25,Q3,2021,0.310722,0.375118,0.064396,0.560486,429,257.0191,265.8376,263.8571,0.034311,-0.00745,0.026605,-0.001207,0.035517
CRM,2021-11-30,Q4,2021,0.304022,0.368641,0.064618,0.566741,473,280.775,267.2762,247.8064,-0.048077,-0.072845,-0.11742,0.01055,-0.058627
CRM,2022-03-01,Q1,2022,0.277676,0.34782,0.070145,0.582035,475,205.8222,212.9263,207.3001,0.034516,-0.026423,0.007181,0.007351,0.027164
CRM,2022-05-31,Q2,2022,0.285974,0.352316,0.066342,0.581342,448,157.8867,175.3957,173.4842,0.110896,-0.010898,0.098789,0.010751,0.100145
CRM,2022-08-24,Q3,2022,0.234414,0.314178,0.079764,0.606059,436,177.3663,166.1042,171.3559,-0.063496,0.031617,-0.033887,0.002575,-0.066071
CRM,2022-11-30,Q4,2022,0.247571,0.342938,0.095367,0.561695,441,157.8965,145.383,144.8411,-0.079251,-0.003728,-0.082683,0.000956,-0.080207
CRM,2023-03-01,Q1,2023,0.289853,0.374274,0.084421,0.541306,455,164.8922,190.2838,183.8497,0.153989,-0.033813,0.114969,-0.00273,0.156719
CRM,2023-05-31,Q2,2023,0.230414,0.306059,0.075644,0.618297,447,220.0994,205.162,209.7733,-0.067866,0.022476,-0.046916,-0.003165,-0.064701
CRM,2023-08-30,Q3,2023,0.308717,0.370677,0.06196,0.567362,419,211.8818,224.6515,218.2075,0.060268,-0.028684,0.029855,0.002288,0.05798
CRM,2023-11-30,Q4,2023,0.275552,0.341583,0.066031,0.592386,469,248.2005,246.3284,256.1815,-0.007543,0.04,0.032156,-0.002592,-0.00495
CRM,2024-02-28,Q1,2024,0.239702,0.299923,0.060221,0.639857,614,295.3675,295.5941,304.2845,0.000767,0.0294,0.03019,0.005325,-0.004558
CSCO,2021-11-17,Q4,2021,0.267652,0.375727,0.108076,0.516197,459,49.8562,46.3164,47.1069,-0.071001,0.017068,-0.055144,0.00576,-0.076761
CSCO,2022-02-16,Q1,2022,0.257065,0.364993,0.107928,0.52708,421,47.9393,49.0439,49.2825,0.023041,0.004865,0.028018,-0.009323,0.032364
CSCO,2022-05-18,Q2,2022,0.10249,0.264119,0.161628,0.574253,473,43.0302,38.3098,37.122,-0.109698,-0.031007,-0.137304,-0.007488,-0.102211
CSCO,2022-08-17,Q3,2022,0.238673,0.376159,0.137487,0.486354,458,41.8935,44.7083,44.3267,0.067188,-0.008535,0.05808,0.001,0.066189
CSCO,2022-11-17,Q4,2022,0.198375,0.355933,0.157557,0.48651,409,42.2108,42.5007,43.298,0.006868,0.018759,0.025757,0.011293,-0.004425
CSCO,2023-02-15,Q1,2023,0.25191,0.381332,0.129421,0.489247,834,44.2467,45.6531,46.5664,0.031785,0.020004,0.052425,-0.014505,0.04629
CSCO,2023-05-17,Q2,2023,0.289175,0.403993,0.114818,0.481189,308,43.8252,42.1046,44.3497,-0.039261,0.053322,0.011967,0.001231,-0.040492
CSCO,2023-08-16,Q3,2023,0.267016,0.360356,0.09334,0.546304,860,49.0984,50.4705,50.7394,0.027946,0.005327,0.033421,0.00445,0.023496
CSCO,2023-11-15,Q4,2023,0.251204,0.360147,0.108943,0.53091,285,49.7542,44.2726,44.8609,-0.110173,0.013288,-0.098348,-0.001975,-0.108198
CSCO,2024-02-14,Q1,2024,0.18309,0.299716,0.116627,0.583657,706,47.3152,45.4096,46.1672,-0.040274,0.016682,-0.024264,0.001318,-0.041592
CSCO,2024-05-15,Q2,2024,0.256251,0.347097,0.090846,0.562057,422,47.1248,47.5138,45.8629,0.008254,-0.034744,-0.026777,0.000587,0.007668
CSCO,2024-08-14,Q3,2024,0.269175,0.352525,0.08335,0.564125,422,43.4812,46.6485,46.438,0.072843,-0.004513,0.068002,0.012939,0.059904
CTSH,2022-05-04,Q2,2022,0.307751,0.412508,0.104757,0.482735,396,78.9259,73.6772,68.859,-0.066501,-0.065397,-0.127549,-0.014711,-0.05179
CTSH,2022-07-27,Q3,2022,0.30646,0.440825,0.134365,0.42481,364,66.0241,61.084,62.7652,-0.074822,0.027522,-0.04936,0.001144,-0.075966
CTSH,2022-11-02,Q4,2022,0.203031,0.366966,0.163935,0.469099,406,56.8158,49.1316,48.9902,-0.135247,-0.002879,-0.137736,-0.013968,-0.121279
CTSH,2023-02-02,Q1,2023,0.252255,0.350581,0.098325,0.551094,379,66.9239,62.5292,64.6129,-0.065667,0.033323,-0.034532,-0.017208,-0.048459
CTSH,2023-05-03,Q2,2023,0.236547,0.361361,0.124814,0.513825,355,56.0104,59.1686,59.7965,0.056386,0.010611,0.067595,-0.00398,0.060366
CTSH,2023-08-02,Q3,2023,0.247201,0.366261,0.119061,0.514678,365,62.4389,66.892,67.3412,0.071319,0.006714,0.078512,-0.00815,0.079469
CTSH,2024-02-06,Q1,2024,0.283604,0.386339,0.102736,0.510925,398,75.8654,72.8879,75.162,-0.039248,0.0312,-0.009272,0.007038,-0.046286
CTSH,2024-05-01,Q2,2024,0.242178,0.351,0.108822,0.540178,395,63.237,65.2007,64.1076,0.031054,-0.016766,0.013768,0.012766,0.018288
CTSH,2024-07-31,Q3,2024,0.33461,0.414944,0.080334,0.504722,371,73.5299,75.784,74.1421,0.030655,-0.021667,0.008325,-0.002742,0.033398
CTSH,2024-10-30,Q4,2024,0.380672,0.45102,0.070348,0.478632,390,72.5249,75.9195,72.759,0.046806,-0.041629,0.003228,-0.010975,0.057781
EPAM,2022-05-05,Q2,2022,0.195341,0.326691,0.131349,0.54196,317,346.0,352.02,347.0,0.017399,-0.014261,0.00289,-0.009103,0.026502
EPAM,2022-08-04,Q3,2022,0.190339,0.330808,0.140469,0.528724,351,415.39,405.2,427.39,-0.024531,0.054763,0.028889,-0.016015,-0.008516
EPAM,2022-11-03,Q4,2022,0.18518,0.326722,0.141542,0.531736,355,301.01,304.87,312.52,0.012823,0.025093,0.038238,0.020788,-0.007964
EPAM,2023-02-16,Q1,2023,0.140802,0.312375,0.171573,0.516053,372,346.01,335.0,338.21,-0.03182,0.009582,-0.022543,-0.007133,-0.024687
EPAM,2023-05-05,Q2,2023,0.098932,0.270325,0.171393,0.558281,350,242.47,241.45,231.82,-0.004207,-0.039884,-0.043923,-0.001917,-0.002289
EPAM,2023-08-03,Q3,2023,0.133121,0.300239,0.167118,0.532643,374,245.02,246.47,246.97,0.005918,0.002029,0.007959,-0.0034,0.009318
EPAM,2023-11-02,Q4,2023,0.050994,0.260368,0.209374,0.530258,372,232.31,237.26,240.7,0.021308,0.014499,0.036116,-0.001,0.022308
EPAM,2024-02-15,Q1,2024,0.13107,0.311794,0.180724,0.507482,332,301.2,300.0,311.98,-0.003984,0.039933,0.03579,0.00269,-0.006674
EPAM,2024-05-09,Q2,2024,0.078717,0.27185,0.193133,0.535017,368,181.93,182.98,183.4,0.005771,0.002295,0.00808,0.005225,0.000546
EPAM,2024-08-08,Q3,2024,0.188893,0.32349,0.134598,0.541912,370,191.16,193.94,193.21,0.014543,-0.003764,0.010724,-0.000586,0.015129
EPAM,2024-11-07,Q4,2024,0.335081,0.460143,0.125061,0.414796,209,232.92,234.73,233.45,0.007771,-0.005453,0.002275,-0.001264,0.009034
FFIV,2022-01-25,Q1,2022,0.13069,0.292778,0.162087,0.545135,383,221.14,195.0,202.49,-0.118206,0.03841,-0.084336,0.027188,-0.145393
FFIV,2022-04-26,Q2,2022,0.112665,0.275172,0.162507,0.56232,370,193.91,172.79,169.01,-0.108917,-0.021876,-0.12841,0.011157,-0.120074
FFIV,2022-07-25,Q3,2022,0.185479,0.29354,0.108061,0.598399,316,154.41,165.87,159.31,0.074218,-0.039549,0.031734,-0.000807,0.075025
FFIV,2022-10-25,Q4,2022,0.201428,0.334465,0.133037,0.532498,390,153.47,140.89,142.39,-0.08197,0.010647,-0.072197,-0.02522,-0.056751
FFIV,2023-01-24,Q1,2023,0.153072,0.290713,0.137641,0.571646,384,146.47,138.67,145.49,-0.053253,0.049182,-0.006691,-0.016906,-0.036347
FFIV,2023-04-19,Q2,2023,0.130844,0.291383,0.16054,0.548077,310,137.05,128.03,134.16,-0.065815,0.047879,-0.021087,-0.009181,-0.056634
FFIV,2023-07-24,Q3,2023,0.192844,0.339139,0.146295,0.514566,353,150.21,164.97,158.98,0.098262,-0.03631,0.058385,0.003231,0.095032
FFIV,2023-10-24,Q4,2023,0.221442,0.352603,0.13116,0.516237,446,148.24,147.1,151.68,-0.00769,0.031135,0.023206,0.00478,-0.012471
FFIV,2024-01-29,Q1,2024,0.243801,0.350264,0.106462,0.543274,379,185.37,195.01,186.84,0.052004,-0.041895,0.00793,-0.000344,0.052348
FFIV,2024-04-29,Q2,2024,0.209441,0.30649,0.097049,0.596461,365,182.13,162.25,165.31,-0.109153,0.01886,-0.092352,-0.003438,-0.105715
FFIV,2024-07-29,Q3,2024,0.271983,0.367445,0.095462,0.537092,370,177.59,199.64,200.66,0.124162,0.005109,0.129906,0.003715,0.120447
FFIV,2024-10-28,Q4,2024,0.295198,0.390639,0.095441,0.51392,417,218.36,242.03,240.33,0.108399,-0.007024,0.100614,0.001911,0.106488
FTNT,2022-05-04,Q2,2022,0.277187,0.350123,0.072937,0.57694,337,57.474,60.6,56.904,0.05439,-0.06099,-0.009918,-0.014711,0.069101
FTNT,2022-08-03,Q3,2022,0.277171,0.366419,0.089248,0.544332,389,62.88,56.83,52.61,-0.096215,-0.074257,-0.163327,-0.000341,-0.095874
FTNT,2022-11-02,Q4,2022,0.26416,0.362202,0.098042,0.539756,412,53.23,45.55,45.93,-0.14428,0.008342,-0.137141,-0.013968,-0.130311
FTNT,2023-02-07,Q1,2023,0.241347,0.32574,0.084393,0.589867,822,53.78,60.75,59.64,0.129602,-0.018272,0.108962,0.001951,0.127651
FTNT,2023-05-04,Q2,2023,0.289803,0.367336,0.077533,0.555131,384,61.18,60.75,64.59,-0.007028,0.06321,0.055737,0.009692,-0.016721
FTNT,2023-08-03,Q3,2023,0.223201,0.333186,0.109985,0.55683,356,75.76,60.42,56.77,-0.202482,-0.06041,-0.25066,-0.0034,-0.199081
FTNT,2023-11-02,Q4,2023,0.229606,0.335185,0.105579,0.559237,359,57.59,44.5,50.48,-0.227296,0.134382,-0.123459,-0.001,-0.226296
FTNT,2024-02-06,Q1,2024,0.253411,0.318659,0.065249,0.616092,397,67.48,73.83,70.03,0.094102,-0.05147,0.037789,0.007038,0.087064
FTNT,2024-05-02,Q2,2024,0.205857,0.296887,0.09103,0.612082,361,65.2,61.86,58.88,-0.051227,-0.048173,-0.096933,0.027048,-0.078275
FTNT,2024-08-06,Q3,2024,0.326833,0.384726,0.057892,0.557382,711,55.81,65.68,69.93,0.17685,0.064708,0.253001,0.024229,0.152622
FTNT,2024-11-07,Q4,2024,0.286454,0.34439,0.057936,0.597675,383,83.68,84.5,92.04,0.009799,0.089231,0.099904,-0.001264,0.011063
GEN,2021-07-27,Q3,2021,0.329696,0.392973,0.063278,0.543749,238,23.0866,22.9757,22.8963,-0.004804,-0.003455,-0.008242,0.000327,-0.005131
GEN,2021-11-05,Q4,2021,0.419849,0.466054,0.046205,0.487741,156,22.5522,22.7161,23.5628,0.007267,0.037275,0.044812,0.003232,0.004035
GEN,2022-02-03,Q1,2022,0.357948,0.40525,0.047302,0.547448,245,23.2231,23.651,25.2453,0.018424,0.067411,0.087076,-0.005347,0.023771
GEN,2022-05-05,Q2,2022,0.333153,0.417417,0.084264,0.498319,233,22.1597,21.6404,22.7019,-0.023434,0.049055,0.024471,-0.009103,-0.014331
GEN,2022-08-04,Q3,2022,0.317654,0.394691,0.077037,0.528272,278,24.5715,24.2759,22.3638,-0.01203,-0.078767,-0.08985,-0.016015,0.003985
GEN,2022-11-08,Q4,2022,0.326722,0.406477,0.079754,0.513769,312,20.0773,20.6717,21.2846,0.029602,0.02965,0.06013,-0.00926,0.038862
GEN,2023-02-02,Q1,2023,0.347425,0.450674,0.103248,0.446078,196,22.0091,21.5796,19.8895,-0.019516,-0.078321,-0.096309,-0.017208,-0.002309
GEN,2023-05-11,Q2,2023,0.374659,0.436476,0.061818,0.501706,287,16.1174,15.892,15.2346,-0.013986,-0.041371,-0.054779,0.00172,-0.015706
GEN,2023-08-03,Q3,2023,0.403819,0.456942,0.053124,0.489934,296,17.6237,17.9076,19.0245,0.016112,0.062368,0.079484,-0.0034,0.019512
GEN,2024-02-01,Q1,2024,0.320271,0.397877,0.077606,0.524516,279,22.9168,21.4414,20.3397,-0.064381,-0.051385,-0.112458,-0.006794,-0.057587
GEN,2024-05-09,Q2,2024,0.338531,0.418139,0.079608,0.502254,281,19.6009,21.6535,22.6075,0.10472,0.044059,0.153392,0.005225,0.099495
GLW,2022-04-26,Q2,2022,0.335283,0.423041,0.087757,0.489202,396,31.8563,31.9281,32.3678,0.002254,0.013772,0.016056,0.011157,-0.008904
GLW,2022-07-26,Q3,2022,0.251549,0.406547,0.154998,0.438455,399,31.5913,31.6546,32.5045,0.002003,0.026849,0.028907,0.016475,-0.014472
GLW,2022-10-25,Q4,2022,0.199988,0.375459,0.175472,0.449069,321,28.9133,28.6399,29.5147,-0.009455,0.030544,0.020801,-0.02522,0.015765
GLW,2023-01-31,Q1,2023,0.1757,0.357233,0.181532,0.461235,344,31.7934,31.7108,32.4089,-0.0026,0.022016,0.019359,-0.000736,-0.001865
GLW,2023-04-25,Q2,2023,0.191665,0.341144,0.149479,0.509377,320,30.46,30.2285,29.858,-0.007601,-0.012255,-0.019763,0.017573,-0.025174
GLW,2023-07-25,Q3,2023,0.277025,0.382514,0.105489,0.511998,359,31.7709,31.4906,32.1447,-0.008824,0.020772,0.011765,-0.010479,0.001655
GLW,2023-10-24,Q4,2023,0.196111,0.320516,0.124405,0.55508,342,25.3136,24.9366,25.2382,-0.014892,0.012094,-0.002978,0.00478,-0.019672
GLW,2024-01-30,Q1,2024,0.20618,0.357145,0.150965,0.49189,343,31.6924,31.7114,30.9215,0.000601,-0.02491,-0.024324,-0.009509,0.010109
GLW,2024-04-30,Q2,2024,0.330423,0.437399,0.106976,0.455626,674,32.0457,32.0841,32.1417,0.001198,0.001795,0.002996,-0.00535,0.006548
GLW,2024-07-30,Q3,2024,0.302415,0.358312,0.055897,0.585792,329,38.4382,39.3764,38.6994,0.024409,-0.017195,0.006794,0.03087,-0.006462
GLW,2024-10-29,Q4,2024,0.40782,0.479633,0.071813,0.448554,282,47.7412,47.6341,46.7772,-0.002244,-0.017989,-0.020192,-0.009129,0.006886
HPE,2022-03-01,Q1,2022,0.298152,0.38955,0.091398,0.519052,414,13.6551,14.3728,15.0551,0.052563,0.047472,0.102531,0.007351,0.045212
HPE,2022-06-01,Q2,2022,0.283024,0.414433,0.131408,0.454159,366,14.0855,13.2375,13.3535,-0.060203,0.008766,-0.051965,-0.00707,-0.053133
HPE,2022-08-30,Q3,2022,0.333956,0.440032,0.106076,0.453892,383,12.287,12.341,12.242,0.004396,-0.008023,-0.003663,0.006003,-0.001608
HPE,2022-11-29,Q4,2022,0.372014,0.471254,0.09924,0.429506,410,14.0406,14.313,15.2394,0.019405,0.064721,0.085382,-0.000463,0.019868
HPE,2023-03-02,Q1,2023,0.356827,0.444898,0.088071,0.467031,425,14.1808,14.5285,13.9796,0.024516,-0.037783,-0.014194,0.006414,0.018102
HPE,2023-05-30,Q2,2023,0.298031,0.409999,0.111968,0.478032,426,14.3182,12.7868,13.3034,-0.106959,0.040404,-0.070876,-0.005735,-0.101224
HPE,2023-08-29,Q3,2023,0.344325,0.431792,0.087467,0.480741,424,15.6469,15.2195,16.1301,-0.027316,0.059829,0.030879,0.000173,-0.027489
HPE,2023-11-28,Q4,2023,0.373963,0.459717,0.085754,0.454529,405,14.5236,15.188,15.4594,0.045747,0.017868,0.064433,0.007307,0.03844
HPE,2024-02-29,Q1,2024,0.237019,0.365552,0.128533,0.505915,402,14.3654,13.7051,14.6767,-0.045962,0.070888,0.021668,0.002561,-0.048523
HPE,2024-06-04,Q2,2024,0.340135,0.437498,0.097363,0.465139,389,16.724,19.3371,18.5104,0.15625,-0.042752,0.106818,0.00791,0.14834
HPE,2024-09-04,Q3,2024,0.390472,0.472261,0.081789,0.44595,388,17.9419,16.3934,16.8618,-0.086308,0.028571,-0.060202,-0.007202,-0.079106
HPE,2024-12-05,Q4,2024,0.344361,0.426744,0.082383,0.490873,412,20.8376,21.8286,23.0513,0.047561,0.05601,0.106236,0.001751,0.045811
HPQ,2022-02-28,Q1,2022,0.255439,0.412622,0.157183,0.430195,359,29.2663,29.1385,29.0193,-0.004366,-0.004092,-0.00844,-0.003765,-0.000601
HPQ,2022-05-31,Q2,2022,0.234172,0.412036,0.177865,0.410099,361,33.3143,34.1034,34.6009,0.023687,0.014588,0.03862,0.010751,0.012936
HPQ,2022-08-30,Q3,2022,0.158328,0.37493,0.216602,0.408467,399,26.8449,25.4638,24.7819,-0.051447,-0.02678,-0.076849,0.006003,-0.05745
HPQ,2022-11-22,Q4,2022,0.223268,0.397288,0.17402,0.428692,472,25.5954,25.3689,26.0571,-0.00885,0.027129,0.018039,-0.002177,-0.006672
HPQ,2023-02-28,Q1,2023,0.199817,0.38087,0.181053,0.438078,448,25.9512,26.338,25.371,0.014905,-0.036716,-0.022358,0.000439,0.014466
HPQ,2023-05-30,Q2,2023,0.281567,0.414802,0.133234,0.451964,380,27.4487,26.4193,25.7892,-0.037504,-0.02385,-0.060459,-0.005735,-0.031769
HPQ,2023-08-29,Q3,2023,0.181806,0.36236,0.180554,0.457086,418,28.0758,25.9726,26.2142,-0.074912,0.009304,-0.066305,0.000173,-0.075085
HPQ,2023-11-21,Q4,2023,0.302506,0.469064,0.166558,0.364377,360,25.1696,25.7024,25.883,0.02117,0.007027,0.028346,0.006306,0.014864
HPQ,2024-02-28,Q1,2024,0.323353,0.479939,0.156586,0.363476,281,26.1737,25.3899,25.8183,-0.029944,0.01687,-0.013579,0.005325,-0.035269
HPQ,2024-05-29,Q2,2024,0.305875,0.439583,0.133708,0.426709,364,30.1621,31.6334,35.2749,0.04878,0.115116,0.169512,-0.01113,0.059911
HPQ,2024-08-28,Q3,2024,0.360958,0.492436,0.131478,0.376085,365,32.2071,31.6049,32.8557,-0.0187,0.039578,0.020138,0.000273,-0.018973
HPQ,2024-11-26,Q4,2024,0.368397,0.459796,0.091399,0.448805,379,36.5276,34.1547,32.3797,-0.064962,-0.051969,-0.113555,-0.006773,-0.058189
IBM,2022-04-19,Q2,2022,0.314481,0.3964,0.081919,0.521681,474,110.882,115.9045,118.7549,0.045296,0.024593,0.071003,0.009674,0.035622
IBM,2022-07-18,Q3,2022,0.300402,0.405877,0.105475,0.488649,435,120.0472,114.3547,113.7463,-0.047419,-0.00532,-0.052487,0.011137,-0.058556
IBM,2022-10-19,Q4,2022,0.354359,0.426394,0.072034,0.501572,437,107.829,111.1208,112.9251,0.030528,0.016238,0.047261,0.00033,0.030198
IBM,2023-01-25,Q1,2023,0.329852,0.419323,0.08947,0.491207,441,125.3799,122.5028,119.7593,-0.022947,-0.022395,-0.044828,0.009777,-0.032724
IBM,2023-04-19,Q2,2023,0.261637,0.368253,0.106616,0.525131,434,113.9057,117.3593,113.9418,0.03032,-0.02912,0.000317,-0.009181,0.039501
IBM,2023-07-19,Q3,2023,0.266843,0.359025,0.092182,0.548793,455,123.8392,125.4022,126.49,0.012622,0.008674,0.021405,-0.006396,0.019017
IBM,2023-10-25,Q4,2023,0.34146,0.425757,0.084297,0.489946,393,126.7614,131.496,132.9386,0.03735,0.01097,0.048731,0.001776,0.035575
IBM,2024-01-24,Q1,2024,0.386065,0.460041,0.073976,0.465984,432,162.6586,172.9738,178.0893,0.063416,0.029574,0.094866,0.0092,0.054216
IBM,2024-04-24,Q2,2024,0.383946,0.45053,0.066584,0.482886,432,173.7197,158.7162,159.3862,-0.086366,0.004221,-0.08251,-0.012473,-0.073893
IBM,2024-07-24,Q3,2024,0.320168,0.400158,0.079989,0.519853,420,175.3883,178.0379,182.9749,0.015107,0.02773,0.043256,-0.001065,0.016172
IBM,2024-10-23,Q4,2024,0.312244,0.420773,0.108529,0.470697,365,223.7676,212.2788,209.9618,-0.051343,-0.010915,-0.061697,0.004071,-0.055414
INTC,2022-04-28,Q2,2022,0.380933,0.469131,0.088198,0.442671,400,43.753,42.0249,40.7172,-0.039496,-0.031118,-0.069385,-0.01091,-0.028586
INTC,2022-07-28,Q3,2022,0.240886,0.378264,0.137378,0.484358,460,37.3964,33.5306,34.1945,-0.103374,0.019801,-0.085621,0.003098,-0.106472
INTC,2022-10-27,Q4,2022,0.273414,0.391661,0.118248,0.490091,393,24.9927,26.8051,27.6566,0.072516,0.031766,0.106585,0.005556,0.06696
INTC,2023-01-26,Q1,2023,0.225649,0.385063,0.159414,0.455523,454,28.9975,26.0871,27.1376,-0.100366,0.040266,-0.064141,-0.006317,-0.094048
INTC,2023-04-27,Q2,2023,0.250562,0.369308,0.118746,0.511946,347,29.1419,31.2061,30.3131,0.070831,-0.028616,0.040188,0.0,0.070831
INTC,2023-07-27,Q3,2023,0.342859,0.446371,0.103512,0.450117,798,33.8541,36.0097,36.0881,0.063676,0.002177,0.065991,0.009285,0.054391
INTC,2023-10-26,Q4,2023,0.372551,0.446312,0.07376,0.479928,452,31.9783,34.0827,34.948,0.065806,0.025389,0.092866,0.006118,0.059688
INTC,2024-01-25,Q1,2024,0.36196,0.446803,0.084844,0.468353,430,48.8851,43.5872,43.0643,-0.108375,-0.011996,-0.119072,-0.007006,-0.101369
INTC,2024-04-25,Q2,2024,0.338988,0.431016,0.092028,0.476955,454,34.7402,31.4453,31.5442,-0.094845,0.003147,-0.091997,0.007895,-0.10274
INTC,2024-08-01,Q3,2024,0.277945,0.405001,0.127056,0.467942,463,28.86,21.7965,21.3395,-0.24475,-0.020966,-0.260585,-0.026586,-0.218165
INTC,2024-10-31,Q4,2024,0.2624,0.37047,0.108071,0.521459,423,21.52,23.0,23.2,0.068773,0.008696,0.078067,0.00108,0.067693
INTU,2021-11-18,Q4,2021,0.266949,0.342916,0.075966,0.581118,414,609.6036,693.8609,671.0544,0.138217,-0.032869,0.100805,0.003587,0.13463
INTU,2022-02-24,Q1,2022,0.249588,0.330139,0.080552,0.589309,390,482.4233,474.5581,472.7676,-0.016304,-0.003773,-0.020015,0.00151,-0.017814
INTU,2022-05-24,Q2,2022,0.269724,0.352984,0.08326,0.563755,401,348.8411,362.2712,377.4893,0.038499,0.042008,0.082124,-0.006587,0.045086
INTU,2022-08-23,Q3,2022,0.229133,0.3005,0.071367,0.628132,402,437.6052,466.8951,453.3842,0.066932,-0.028938,0.036057,-0.000696,0.067628
INTU,2022-11-29,Q4,2022,0.228151,0.328788,0.100637,0.570575,843,370.3136,366.198,397.5037,-0.011114,0.085488,0.073424,-0.000463,-0.01065
INTU,2023-02-23,Q1,2023,0.269129,0.354168,0.085039,0.560793,853,402.48,395.7473,410.229,-0.016728,0.036593,0.019253,-0.017754,0.001026
INTU,2023-05-23,Q2,2023,0.210288,0.344447,0.134159,0.521394,382,440.302,412.1101,407.1374,-0.064028,-0.012067,-0.075322,-0.007913,-0.056116
INTU,2023-08-24,Q3,2023,0.239535,0.313452,0.073917,0.612632,431,488.8229,484.6456,508.974,-0.008546,0.050198,0.041224,0.004012,-0.012557
INTU,2023-11-28,Q4,2023,0.29809,0.361395,0.063305,0.5753,235,555.0665,572.6693,567.0112,0.031713,-0.00988,0.021519,0.007307,0.024406
INTU,2024-02-22,Q1,2024,0.274134,0.336059,0.061924,0.602017,411,647.2339,642.1577,649.0932,-0.007843,0.0108,0.002873,0.007921,-0.015764
INTU,2024-05-23,Q2,2024,0.341686,0.395658,0.053972,0.55037,374,652.4137,611.7691,597.9655,-0.062299,-0.022564,-0.083457,0.002531,-0.064829
INTU,2024-08-22,Q3,2024,0.299368,0.353403,0.054036,0.592561,421,656.3308,651.112,611.5027,-0.007951,-0.060833,-0.068301,0.009937,-0.017888
IT,2022-05-03,Q2,2022,0.369615,0.473677,0.104063,0.42226,329,281.13,282.45,280.06,0.004695,-0.008462,-0.003806,0.003894,0.000802
IT,2022-08-02,Q3,2022,0.341595,0.442711,0.101116,0.456173,374,289.69,294.875,288.26,0.017898,-0.022433,-0.004936,0.004899,0.013
IT,2022-11-01,Q4,2022,0.335898,0.442979,0.107081,0.449939,335,325.0,326.5,318.51,0.004615,-0.024472,-0.019969,-0.00071,0.005325
IT,2023-02-07,Q1,2023,0.301726,0.410939,0.109214,0.479847,862,352.89,351.3,346.48,-0.004506,-0.01372,-0.018164,0.001951,-0.006456
IT,2023-05-02,Q2,2023,0.273038,0.38727,0.114232,0.498497,406,301.99,305.73,305.85,0.012385,0.000393,0.012782,0.001204,0.011181
IT,2023-08-01,Q3,2023,0.318672,0.412603,0.093932,0.493465,356,343.92,341.53,340.81,-0.006949,-0.002108,-0.009043,-0.008788,0.001839
IT,2023-11-03,Q4,2023,0.314464,0.411062,0.096598,0.49234,374,386.71,387.81,392.57,0.002845,0.012274,0.015153,0.001339,0.001505
IT,2024-02-06,Q1,2024,0.30414,0.417125,0.112985,0.469891,455,461.7,458.97,449.95,-0.005913,-0.019653,-0.025449,0.007038,-0.012951
IT,2024-04-30,Q2,2024,0.28835,0.397582,0.109232,0.493186,418,412.59,412.16,422.39,-0.001042,0.02482,0.023752,-0.00535,0.004308
IT,2024-07-30,Q3,2024,0.277388,0.371521,0.094134,0.534345,380,498.77,499.11,501.19,0.000682,0.004167,0.004852,0.03087,-0.030189
IT,2024-11-05,Q4,2024,0.285429,0.384154,0.098725,0.51712,380,513.48,542.13,536.9,0.055796,-0.009647,0.04561,0.019305,0.036491
KEYS,2022-02-17,Q1,2022,0.384265,0.455311,0.071046,0.473643,271,165.5,161.48,160.59,-0.02429,-0.005512,-0.029668,0.003442,-0.027732
KEYS,2022-05-17,Q2,2022,0.353499,0.44069,0.087191,0.472119,323,140.37,137.0,136.0,-0.024008,-0.007299,-0.031132,-0.013207,-0.010801
KEYS,2022-08-17,Q3,2022,0.367527,0.440547,0.07302,0.486434,246,169.29,176.55,179.36,0.042885,0.015916,0.059484,0.001,0.041885
KEYS,2022-11-17,Q4,2022,0.291552,0.408544,0.116993,0.474463,317,166.03,172.0,171.9,0.035957,-0.000581,0.035355,0.011293,0.024664
KEYS,2023-02-21,Q1,2023,0.302961,0.444237,0.141276,0.414487,319,182.98,160.65,159.72,-0.122035,-0.005789,-0.127118,0.002051,-0.124086
KEYS,2023-05-16,Q2,2023,0.299233,0.423897,0.124664,0.451439,277,146.52,159.975,157.66,0.09183,-0.014471,0.076031,0.004201,0.08763
KEYS,2023-08-17,Q3,2023,0.272905,0.391679,0.118774,0.489547,347,150.05,128.5,129.37,-0.143619,0.00677,-0.137821,-0.010139,-0.13348
KEYS,2023-11-20,Q4,2023,0.214717,0.369349,0.154632,0.476019,285,134.92,137.53,134.56,0.019345,-0.021595,-0.002668,-0.00453,0.023874
KEYS,2024-02-20,Q1,2024,0.240113,0.394948,0.154835,0.450217,389,154.43,140.29,144.04,-0.091563,0.02673,-0.06728,-0.009675,-0.081887
KEYS,2024-05-20,Q2,2024,0.259921,0.401029,0.141109,0.457862,258,159.75,153.27,146.36,-0.040563,-0.045084,-0.083818,-0.003826,-0.036737
KEYS,2024-08-20,Q3,2024,0.254679,0.398349,0.14367,0.457981,243,138.57,156.55,157.81,0.129754,0.008049,0.138847,0.000624,0.12913
KEYS,2024-11-19,Q4,2024,0.289519,0.403121,0.113602,0.483277,264,152.13,165.21,165.48,0.085979,0.001634,0.087754,0.000865,0.085115
KLAC,2022-01-27,Q1,2022,0.275469,0.39135,0.115882,0.492768,413,346.4925,337.6339,351.1373,-0.025567,0.039994,0.013405,0.012419,-0.037986
KLAC,2022-04-28,Q2,2022,0.26519,0.365095,0.099906,0.534999,347,319.5874,318.5982,306.6218,-0.003095,-0.037591,-0.04057,-0.01091,0.007815
KLAC,2022-07-28,Q3,2022,0.223947,0.329947,0.106,0.564052,262,356.4431,348.7936,369.5069,-0.021461,0.059386,0.036651,0.003098,-0.024558
KLAC,2022-10-26,Q4,2022,0.195098,0.307965,0.112866,0.579169,401,296.196,305.2636,298.6224,0.030614,-0.021756,0.008192,0.003742,0.026872
KLAC,2023-01-26,Q1,2023,0.100052,0.274509,0.174457,0.551034,371,415.9069,392.8592,387.3979,-0.055416,-0.013901,-0.068547,-0.006317,-0.049098
KLAC,2023-04-26,Q2,2023,0.160286,0.28964,0.129354,0.581006,410,347.7862,373.4692,374.3354,0.073847,0.002319,0.076338,0.004722,0.069125
KLAC,2023-07-27,Q3,2023,0.209174,0.339447,0.130273,0.53028,263,471.0047,488.2395,498.9906,0.036592,0.02202,0.059417,0.009285,0.027307
KLAC,2023-10-25,Q4,2023,0.196425,0.297919,0.101494,0.600587,391,445.3179,449.0384,448.6468,0.008355,-0.000872,0.007475,0.001776,0.006579
KLAC,2024-01-25,Q1,2024,0.168822,0.305509,0.136687,0.557803,341,629.9264,612.5607,588.3822,-0.027568,-0.039471,-0.065951,-0.007006,-0.020561
KLAC,2024-04-25,Q2,2024,0.196077,0.301883,0.105805,0.592312,348,662.0816,671.9693,694.8537,0.014934,0.034056,0.049498,0.007895,0.00704
KLAC,2024-07-24,Q3,2024,0.245754,0.325382,0.079628,0.59499,408,745.0412,756.6441,751.9812,0.015574,-0.006163,0.009315,-0.001065,0.016639
LRCX,2021-10-20,Q4,2021,0.215767,0.337004,0.121237,0.541759,423,53.8756,51.912,52.9152,-0.036446,0.019325,-0.017825,-0.003031,-0.033414
LRCX,2022-01-26,Q1,2022,0.231204,0.367085,0.135881,0.497034,356,56.9707,56.8017,53.0206,-0.002966,-0.066566,-0.069335,0.016204,-0.019171
LRCX,2022-04-20,Q2,2022,0.158148,0.309418,0.15127,0.539312,423,46.1116,46.8031,44.9681,0.014996,-0.039208,-0.0248,0.00975,0.005246
LRCX,2022-07-27,Q3,2022,0.181646,0.304923,0.123277,0.5718,870,44.9402,44.6279,46.6008,-0.006949,0.044207,0.03695,0.001144,-0.008093
LRCX,2022-10-19,Q4,2022,0.144696,0.311825,0.167129,0.521047,749,31.8495,32.866,34.338,0.031917,0.044787,0.078133,0.00033,0.031586
LRCX,2023-01-25,Q1,2023,0.067627,0.279704,0.212077,0.50822,369,47.2966,46.9432,48.2021,-0.007473,0.026818,0.019144,0.009777,-0.01725
LRCX,2023-04-19,Q2,2023,0.079456,0.268709,0.189253,0.542037,409,47.7164,49.6541,51.1662,0.040609,0.030452,0.072298,-0.009181,0.04979
LRCX,2023-07-26,Q3,2023,0.133362,0.293631,0.160269,0.5461,410,62.5964,65.7761,68.4023,0.050796,0.039926,0.09275,0.013518,0.037278
LRCX,2023-10-18,Q4,2023,0.175945,0.299564,0.123619,0.576816,407,62.7755,61.281,58.8374,-0.023807,-0.039876,-0.062734,0.003995,-0.027802
LRCX,2024-01-24,Q1,2024,0.226534,0.345608,0.119073,0.535319,411,83.1299,85.9565,84.8392,0.034003,-0.012999,0.020562,0.0092,0.024803
LRCX,2024-04-24,Q2,2024,0.210153,0.314557,0.104404,0.581039,435,86.9123,89.3127,88.5407,0.027619,-0.008644,0.018737,-0.012473,0.040092
LRCX,2024-07-31,Q3,2024,0.210588,0.334677,0.124089,0.541234,377,90.6486,84.1061,81.7032,-0.072174,-0.02857,-0.098682,-0.002742,-0.069432
MCHP,2021-08-03,Q3,2021,0.163615,0.283963,0.120348,0.595689,465,66.3676,66.8603,66.6795,0.007424,-0.002704,0.0047,-0.00078,0.008204
MCHP,2021-11-04,Q4,2021,0.101159,0.25744,0.156281,0.586279,417,75.1923,74.6347,77.7677,-0.007417,0.041978,0.03425,0.00734,-0.014756
MCHP,2022-02-03,Q1,2022,0.140607,0.306689,0.166082,0.527229,357,67.4451,65.5673,66.5449,-0.027841,0.014909,-0.013348,-0.005347,-0.022494
MCHP,2022-05-09,Q2,2022,0.133056,0.284764,0.151708,0.563527,412,58.6852,62.6274,62.2806,0.067175,-0.005537,0.061266,0.023829,0.043346
MCHP,2022-08-02,Q3,2022,0.247154,0.390026,0.142872,0.467102,253,63.4757,66.2064,67.0953,0.04302,0.013426,0.057023,0.004899,0.038121
MCHP,2022-11-03,Q4,2022,0.059621,0.217366,0.157746,0.624888,481,54.7119,61.1345,58.7605,0.11739,-0.038832,0.073999,0.020788,0.096602
MCHP,2023-02-02,Q1,2023,0.157192,0.296661,0.139469,0.56387,435,78.1331,77.3844,78.8818,-0.009582,0.01935,0.009582,-0.017208,0.007625
MCHP,2023-05-04,Q2,2023,0.120383,0.278176,0.157793,0.564032,369,70.5785,65.9091,69.7894,-0.066158,0.058873,-0.01118,0.009692,-0.07585
MCHP,2023-08-03,Q3,2023,0.04773,0.246443,0.198713,0.554844,319,83.5099,80.2449,77.8568,-0.039097,-0.029761,-0.067694,-0.0034,-0.035697
MCHP,2023-11-02,Q4,2023,-0.038374,0.175014,0.213388,0.611598,410,69.0083,70.4288,71.6618,0.020584,0.017506,0.038451,-0.001,0.021584
MCHP,2024-02-01,Q1,2024,-0.045214,0.187487,0.232702,0.579811,426,80.7339,78.0851,79.4519,-0.032808,0.017504,-0.015879,-0.006794,-0.026014
MCHP,2024-05-06,Q2,2024,0.042713,0.218263,0.17555,0.606187,446,88.8524,89.1841,87.2414,0.003733,-0.021783,-0.018131,0.002928,0.000805
MPWR,2022-05-02,Q2,2022,0.149146,0.233959,0.084813,0.681228,342,398.4734,431.5737,443.6771,0.083068,0.028045,0.113442,-0.000139,0.083207
MPWR,2022-08-01,Q3,2022,0.134996,0.250223,0.115227,0.634551,389,449.2086,480.351,491.3991,0.069327,0.023,0.093922,-0.008616,0.077944
MPWR,2022-10-27,Q4,2022,0.073081,0.207432,0.134351,0.658217,262,320.8069,316.7078,337.671,-0.012778,0.066191,0.052568,0.005556,-0.018334
MPWR,2023-02-08,Q1,2023,0.092453,0.251941,0.159488,0.588571,331,451.7689,477.8017,498.0484,0.057624,0.042375,0.102441,0.015443,0.042181
MPWR,2023-05-04,Q2,2023,0.033484,0.227395,0.19391,0.578695,257,448.6972,396.0186,402.0999,-0.117404,0.015356,-0.10385,0.009692,-0.127096
MPWR,2023-07-31,Q3,2023,-0.010111,0.225975,0.236086,0.53794,227,548.0359,501.528,539.0243,-0.084863,0.074764,-0.016444,-0.003252,-0.081611
MPWR,2023-10-30,Q4,2023,0.044011,0.22843,0.184419,0.58715,306,396.6048,417.8095,433.654,0.053465,0.037923,0.093416,0.000491,0.052974
MPWR,2024-02-07,Q1,2024,0.072444,0.236842,0.164398,0.59876,295,634.598,668.6086,724.7225,0.053594,0.083926,0.142018,0.001712,0.051882
MPWR,2024-05-01,Q2,2024,0.139266,0.21717,0.077904,0.704926,231,642.8493,670.9338,702.2492,0.043687,0.046674,0.092401,0.012766,0.030921
MPWR,2024-08-01,Q3,2024,0.108044,0.169958,0.061914,0.768128,206,774.41,777.9616,785.0748,0.004586,0.009143,0.013772,-0.026586,0.031172
MPWR,2024-10-30,Q4,2024,0.125658,0.211943,0.086285,0.701772,221,908.6861,816.3267,750.1172,-0.101641,-0.081107,-0.174503,-0.010975,-0.090665
MSFT,2021-10-26,Q4,2021,0.317175,0.399243,0.082069,0.518688,362,298.8048,304.4801,311.3887,0.018993,0.02269,0.042114,0.001694,0.017299
MSFT,2022-01-25,Q1,2022,0.351523,0.431126,0.079603,0.48927,376,278.4812,297.2998,286.416,0.067576,-0.036609,0.028493,0.027188,0.040388
MSFT,2022-04-26,Q2,2022,0.264811,0.390413,0.125602,0.483985,379,261.385,272.8766,273.96,0.043964,0.00397,0.048109,0.011157,0.032807
MSFT,2022-07-26,Q3,2022,0.194935,0.351986,0.157051,0.490963,395,244.2586,253.2377,260.5877,0.036761,0.029024,0.066852,0.016475,0.020285
MSFT,2022-10-25,Q4,2022,0.244419,0.385012,0.140594,0.474394,405,243.5735,224.6345,224.7803,-0.077755,0.000649,-0.077156,-0.02522,-0.052535
MSFT,2023-01-24,Q1,2023,0.216898,0.3761,0.159203,0.464697,377,235.8588,228.4919,234.4653,-0.031235,0.026143,-0.005908,-0.016906,-0.014328
MSFT,2023-04-25,Q2,2023,0.357091,0.453748,0.096657,0.449596,351,269.064,289.8529,288.5536,0.077264,-0.004483,0.072435,0.017573,0.059691
MSFT,2023-07-25,Q3,2023,0.301716,0.390654,0.088939,0.520407,402,343.6228,334.2828,330.6897,-0.027181,-0.010749,-0.037637,-0.010479,-0.016702
MSFT,2023-10-24,Q4,2023,0.381025,0.456268,0.075243,0.468489,358,324.2883,338.5046,334.2368,0.043839,-0.012608,0.030678,0.00478,0.039058
MSFT,2024-01-30,Q1,2024,0.286323,0.376268,0.089945,0.533788,400,401.6875,400.085,390.8635,-0.003989,-0.023049,-0.026946,-0.009509,0.005519
MSFT,2024-04-25,Q2,2024,0.288908,0.383485,0.094577,0.521938,406,393.0173,405.9492,400.1875,0.032904,-0.014193,0.018244,0.007895,0.025009
MSFT,2024-07-30,Q3,2024,0.313978,0.410883,0.096905,0.492213,393,417.2753,414.8827,412.7663,-0.005734,-0.005101,-0.010806,0.03087,-0.036604
MSI,2022-05-12,Q2,2022,0.235647,0.324634,0.088987,0.586379,287,192.3666,197.6353,205.4907,0.027389,0.039747,0.068225,0.013613,0.013776
MSI,2022-08-04,Q3,2022,0.20715,0.279132,0.071982,0.648887,115,229.6691,232.8407,239.7493,0.01381,0.029671,0.04389,-0.016015,0.029825
MSI,2022-11-03,Q4,2022,0.245162,0.349133,0.103972,0.546895,284,228.9663,242.194,245.0107,0.057771,0.01163,0.070073,0.020788,0.036984
MSI,2023-02-09,Q1,2023,0.262146,0.34447,0.082324,0.573206,479,248.0208,255.1484,261.8806,0.028738,0.026385,0.055882,-0.007445,0.036183
MSI,2023-05-04,Q2,2023,0.330037,0.423611,0.093574,0.482815,179,281.0258,275.9067,272.4618,-0.018216,-0.012486,-0.030474,0.009692,-0.027908
MSI,2023-08-03,Q3,2023,0.295107,0.383685,0.088578,0.527737,314,279.2934,284.5548,270.6926,0.018838,-0.048716,-0.030795,-0.0034,0.022239
MSI,2023-11-02,Q4,2023,0.2933,0.384353,0.091053,0.524594,259,273.788,286.2811,291.5588,0.045631,0.018435,0.064907,-0.001,0.046631
MSI,2024-02-08,Q1,2024,0.341924,0.42114,0.079216,0.499644,352,320.7214,316.2967,323.2024,-0.013796,0.021833,0.007736,0.004193,-0.01799
MSI,2024-05-02,Q2,2024,0.316941,0.41717,0.100229,0.482601,232,329.3673,344.9325,346.4704,0.047258,0.004459,0.051927,0.027048,0.02021
MSI,2024-08-01,Q3,2024,0.337571,0.406852,0.069281,0.523867,351,391.4523,392.3755,402.9627,0.002358,0.026982,0.029404,-0.026586,0.028944
MSI,2024-11-07,Q4,2024,0.344718,0.411258,0.06654,0.522202,321,462.5699,478.422,496.6758,0.03427,0.038154,0.073731,-0.001264,0.035533
MU,2021-12-20,Q4,2021,0.312656,0.4468,0.134144,0.419057,349,80.102,86.8984,88.5487,0.084847,0.018991,0.105449,0.01069,0.074157
MU,2022-03-29,Q1,2022,0.389869,0.519817,0.129948,0.350235,337,80.2076,82.407,77.3825,0.027422,-0.060973,-0.035222,-0.005138,0.03256
MU,2022-06-30,Q2,2022,0.244771,0.414863,0.170093,0.415044,321,54.1136,52.1656,52.518,-0.035999,0.006755,-0.029486,-0.006293,-0.029705
MU,2022-09-29,Q3,2022,0.157614,0.395715,0.238101,0.366184,332,49.05,49.5698,49.1383,0.010598,-0.008706,0.0018,-0.004046,0.014644
MU,2022-12-21,Q4,2022,0.011894,0.329268,0.317374,0.353358,329,50.3165,48.6553,48.5865,-0.033014,-0.001414,-0.034382,-0.01253,-0.020484
MU,2023-03-28,Q1,2023,0.140037,0.369,0.228963,0.402037,358,58.4025,60.0083,62.5994,0.027497,0.043178,0.071862,0.012556,0.01494
MU,2023-06-28,Q2,2023,0.209075,0.400263,0.191188,0.408549,328,66.2069,66.967,63.5022,0.011481,-0.051739,-0.040853,0.001054,0.010427
MU,2023-09-27,Q3,2023,0.266967,0.477829,0.210862,0.311309,330,67.4599,65.2446,64.483,-0.03284,-0.011672,-0.044128,-0.004747,-0.028093
MU,2023-12-20,Q4,2023,0.351469,0.486168,0.134699,0.379133,315,77.9526,84.2035,84.679,0.080188,0.005647,0.086288,0.010176,0.070013
MU,2024-03-20,Q1,2024,0.340532,0.481568,0.141036,0.377396,298,95.4765,112.454,108.9673,0.177818,-0.031006,0.141299,0.010682,0.167136
MU,2024-06-26,Q2,2024,0.231364,0.318286,0.086922,0.594792,228,141.3538,134.8302,131.2954,-0.046151,-0.026217,-0.071158,-0.001945,-0.044206
MU,2024-09-25,Q3,2024,0.463142,0.541073,0.077931,0.380996,314,95.1767,112.3994,109.1993,0.180954,-0.02847,0.147332,0.019532,0.161423
NOW,2022-04-27,Q2,2022,0.309053,0.357517,0.048464,0.594019,424,93.258,101.6,100.804,0.089451,-0.007835,0.080915,0.015716,0.073734
NOW,2022-07-27,Q3,2022,0.221162,0.302267,0.081105,0.616628,466,89.72,86.246,87.3,-0.03872,0.012221,-0.026973,0.001144,-0.039864
NOW,2022-10-26,Q4,2022,0.251821,0.328016,0.076195,0.59579,402,73.282,85.392,83.134,0.165252,-0.026443,0.13444,0.003742,0.16151
NOW,2023-01-25,Q1,2023,0.287503,0.359411,0.071908,0.568682,429,89.754,92.372,92.614,0.029169,0.00262,0.031865,0.009777,0.019392
NOW,2023-04-26,Q2,2023,0.294167,0.352999,0.058832,0.588169,371,90.806,88.046,90.868,-0.030394,0.032051,0.000683,0.004722,-0.035117
NOW,2023-07-26,Q3,2023,0.297232,0.342742,0.045511,0.611747,454,115.454,119.6,111.978,0.03591,-0.063729,-0.030107,0.013518,0.022392
NOW,2023-10-25,Q4,2023,0.340991,0.394068,0.053077,0.552855,398,106.034,112.0,110.19,0.056265,-0.016161,0.039195,0.001776,0.054489
NOW,2024-01-24,Q1,2024,0.33879,0.389835,0.051046,0.559119,400,152.684,156.0,153.338,0.021718,-0.017064,0.004283,0.0092,0.012518
NOW,2024-04-24,Q2,2024,0.30815,0.364986,0.056836,0.578178,436,149.258,142.978,143.25,-0.042075,0.001902,-0.040252,-0.012473,-0.029602
NOW,2024-07-24,Q3,2024,0.305213,0.362468,0.057256,0.580276,433,146.174,157.866,165.758,0.079987,0.049992,0.133977,-0.001065,0.081052
NOW,2024-10-23,Q4,2024,0.284262,0.342605,0.058343,0.599051,449,181.536,189.678,191.316,0.044851,0.008636,0.053874,0.004071,0.040779
NTAP,2021-08-25,Q3,2021,0.365746,0.426751,0.061006,0.512243,383,73.6548,78.3372,77.1285,0.063571,-0.015429,0.047162,-0.001207,0.064778
NTAP,2021-11-30,Q4,2021,0.367956,0.443134,0.075179,0.481687,349,80.0092,80.5673,80.5313,0.006976,-0.000447,0.006526,0.01055,-0.003574
NTAP,2022-02-24,Q1,2022,0.303751,0.406255,0.102504,0.491241,400,71.7591,71.9582,72.5283,0.002775,0.007924,0.01072,0.00151,0.001264
NTAP,2022-06-01,Q2,2022,0.331741,0.427862,0.096121,0.476017,417,66.0394,65.757,66.3946,-0.004275,0.009695,0.005379,-0.00707,0.002795
NTAP,2022-08-24,Q3,2022,0.29665,0.391077,0.094427,0.514497,441,66.8335,72.5881,72.1016,0.086103,-0.006701,0.078824,0.002575,0.083528
NTAP,2022-11-29,Q4,2022,0.17141,0.319325,0.147915,0.53276,445,66.3799,59.9721,62.5149,-0.096532,0.042399,-0.058225,-0.000463,-0.096068
NTAP,2023-02-22,Q1,2023,0.196719,0.352644,0.155926,0.49143,849,61.3653,60.1535,61.7288,-0.019748,0.026189,0.005924,0.018635,-0.038383
NTAP,2023-05-31,Q2,2023,0.260024,0.385231,0.125207,0.489562,373,62.3424,66.0538,67.6135,0.059533,0.023613,0.084552,-0.003165,0.062698
NTAP,2023-08-23,Q3,2023,0.237873,0.353456,0.115584,0.53096,699,72.3823,71.2,71.4364,-0.016333,0.003321,-0.013067,0.012577,-0.02891
NTAP,2023-11-28,Q4,2023,0.277324,0.370905,0.093581,0.535514,317,74.3657,82.7249,85.2478,0.112406,0.030498,0.146332,0.007307,0.105098
NTAP,2024-02-29,Q1,2024,0.361746,0.433638,0.071892,0.49447,305,85.3409,101.3902,100.8444,0.188061,-0.005383,0.181665,0.002561,0.1855
NTAP,2024-05-30,Q2,2024,0.411931,0.479746,0.067815,0.452438,666,112.0921,114.9786,115.8734,0.025751,0.007782,0.033734,0.002955,0.022796
NVDA,2021-05-26,Q2,2021,0.296802,0.339504,0.042702,0.617794,380,15.6609,15.6606,15.4494,-1.6e-05,-0.013487,-0.013503,-0.000866,0.00085
NVDA,2021-08-18,Q3,2021,0.250571,0.295339,0.044768,0.659893,401,18.9969,19.4499,19.7532,0.023845,0.015595,0.039811,-0.005517,0.029361
NVDA,2021-11-17,Q4,2021,0.200394,0.250099,0.049705,0.700196,405,29.2,32.2995,31.6089,0.106148,-0.02138,0.082499,0.00576,0.100388
NVDA,2022-02-16,Q1,2022,0.267656,0.319737,0.052081,0.628182,394,26.4591,25.5798,24.459,-0.033231,-0.043816,-0.075591,-0.009323,-0.023909
NVDA,2022-05-25,Q2,2022,0.175761,0.277457,0.101697,0.620846,402,16.9446,16.0072,17.819,-0.055317,0.113183,0.051605,-0.005837,-0.049479
NVDA,2022-08-24,Q3,2022,0.11085,0.254626,0.143776,0.601598,388,17.1948,16.8174,17.8847,-0.021949,0.063465,0.040123,0.002575,-0.024524
NVDA,2022-11-16,Q4,2022,0.166152,0.253806,0.087654,0.65854,314,15.8895,15.6948,15.6568,-0.012256,-0.002418,-0.014645,-0.015937,0.00368
NVDA,2023-02-22,Q1,2023,0.212663,0.284372,0.071708,0.64392,347,20.7322,23.4153,23.6391,0.129421,0.009556,0.140214,0.018635,0.110785
NVDA,2023-05-24,Q2,2023,0.169519,0.226733,0.057214,0.716053,399,30.5111,38.4891,37.9466,0.261478,-0.014095,0.243696,0.02657,0.234908
NVDA,2023-08-22,Q3,2023,0.221706,0.267301,0.045595,0.687105,401,45.6327,45.8305,47.0795,0.004336,0.027253,0.031707,0.002442,0.001894
NVDA,2023-11-21,Q4,2023,0.238458,0.281461,0.043002,0.675537,418,49.9096,49.8177,48.6824,-0.001842,-0.022787,-0.024588,0.006306,-0.008148
NVDA,2024-02-21,Q1,2024,0.243363,0.290387,0.047024,0.662589,369,67.4313,74.9798,78.4906,0.111943,0.046824,0.164009,0.025847,0.086096
NXPI,2022-05-03,Q2,2022,0.127033,0.295169,0.168135,0.536696,379,164.9825,167.3821,172.2555,0.014545,0.029115,0.044084,0.003894,0.010651
NXPI,2022-07-26,Q3,2022,0.201992,0.320584,0.118591,0.560825,323,162.4494,165.3639,168.9302,0.017941,0.021567,0.039895,0.016475,0.001466
NXPI,2022-11-01,Q4,2022,0.105928,0.260253,0.154325,0.585422,333,142.1453,142.2389,139.1123,0.000659,-0.021981,-0.021337,-0.00071,0.001368
NXPI,2023-01-31,Q1,2023,0.15363,0.316942,0.163312,0.519747,353,173.3805,173.1547,182.4394,-0.001302,0.053621,0.052249,-0.000736,-0.000567
NXPI,2023-05-02,Q2,2023,0.129211,0.280828,0.151617,0.567555,369,162.2544,162.9545,158.5176,0.004315,-0.027228,-0.023031,0.001204,0.003111
NXPI,2023-07-25,Q3,2023,0.126776,0.299567,0.172791,0.527643,381,209.0974,207.2811,207.7566,-0.008686,0.002294,-0.006412,-0.010479,0.001792
NXPI,2023-11-07,Q4,2023,0.112692,0.289111,0.176419,0.534469,331,177.5786,172.5131,175.237,-0.028525,0.015789,-0.013186,0.003433,-0.031958
NXPI,2024-02-06,Q1,2024,0.050126,0.269862,0.219736,0.510401,378,214.1188,216.0391,212.5537,0.008969,-0.016133,-0.007309,0.007038,0.001931
NXPI,2024-04-30,Q2,2024,0.13604,0.275838,0.139797,0.584365,822,247.0208,244.2824,240.5027,-0.011086,-0.015473,-0.026387,-0.00535,-0.005736
NXPI,2024-07-23,Q3,2024,0.070579,0.240794,0.170215,0.588991,723,253.843,252.3624,246.1978,-0.005833,-0.024428,-0.030118,-0.013055,0.007222
NXPI,2024-11-05,Q4,2024,-0.022488,0.2139,0.236388,0.549712,349,218.3861,221.7691,224.9285,0.015491,0.014246,0.029958,0.019305,-0.003814
PTC,2022-01-26,Q1,2022,0.277264,0.354661,0.077397,0.567942,370,113.48,107.7,109.78,-0.050934,0.019313,-0.032605,0.016204,-0.067138
PTC,2022-04-27,Q2,2022,0.341573,0.458102,0.116529,0.425369,225,97.62,116.19,114.39,0.190227,-0.015492,0.171789,0.015716,0.174511
PTC,2022-07-27,Q3,2022,0.260818,0.368656,0.107838,0.523505,444,117.34,118.97,125.81,0.013891,0.057493,0.072183,0.001144,0.012748
PTC,2022-11-02,Q4,2022,0.248096,0.361471,0.113375,0.525154,356,115.73,114.1,123.17,-0.014085,0.079492,0.064288,-0.013968,-0.000116
PTC,2023-02-01,Q1,2023,0.173912,0.304702,0.13079,0.564508,448,138.11,136.0,132.31,-0.015278,-0.027132,-0.041996,0.017103,-0.03238
PTC,2023-04-26,Q2,2023,0.263114,0.368827,0.105713,0.525459,368,125.2,124.78,123.34,-0.003355,-0.01154,-0.014856,0.004722,-0.008077
PTC,2023-07-26,Q3,2023,0.270206,0.353205,0.083,0.563795,453,144.19,149.97,145.29,0.040086,-0.031206,0.007629,0.013518,0.026568
PTC,2023-11-01,Q4,2023,0.336747,0.403276,0.066529,0.530195,345,138.89,137.22,146.32,-0.012024,0.066317,0.053496,0.009032,-0.021056
PTC,2024-01-31,Q1,2024,0.256532,0.325667,0.069135,0.605198,376,180.65,177.74,179.4,-0.016108,0.009339,-0.006919,0.003996,-0.020105
PTC,2024-05-01,Q2,2024,0.222962,0.296688,0.073726,0.629587,391,174.96,166.61,170.6,-0.047725,0.023948,-0.02492,0.012766,-0.060492
PTC,2024-07-31,Q3,2024,0.233401,0.308294,0.074893,0.616813,328,177.85,173.83,175.87,-0.022603,0.011736,-0.011133,-0.002742,-0.019861
PTC,2024-11-06,Q4,2024,0.214564,0.294052,0.079488,0.62646,365,198.04,193.85,190.05,-0.021157,-0.019603,-0.040345,0.006942,-0.0281
QCOM,2022-02-02,Q1,2022,0.355855,0.404342,0.048487,0.547171,355,171.0478,164.3222,162.7772,-0.03932,-0.009403,-0.048353,-0.014171,-0.025148
QCOM,2022-04-27,Q2,2022,0.343617,0.417453,0.073836,0.508711,314,123.2806,130.3708,135.2254,0.057513,0.037237,0.096891,0.015716,0.041797
QCOM,2022-07-27,Q3,2022,0.25314,0.357969,0.104829,0.537202,316,140.7477,137.4084,134.3534,-0.023726,-0.022233,-0.045431,0.001144,-0.024869
QCOM,2022-11-02,Q4,2022,0.173852,0.332045,0.158192,0.509763,310,103.7929,96.3013,95.84,-0.072178,-0.00479,-0.076622,-0.013968,-0.058209
QCOM,2023-02-02,Q1,2023,0.184908,0.32188,0.136972,0.541149,291,126.0788,121.7261,125.3085,-0.034523,0.02943,-0.00611,-0.017208,-0.017316
QCOM,2023-05-03,Q2,2023,0.187894,0.330181,0.142287,0.527532,299,105.3495,97.133,99.5139,-0.077993,0.024512,-0.055393,-0.00398,-0.074014
QCOM,2023-08-02,Q3,2023,0.191282,0.296143,0.104861,0.598995,297,121.551,109.9808,111.6122,-0.095188,0.014833,-0.081767,-0.00815,-0.087038
QCOM,2023-11-01,Q4,2023,0.341753,0.410351,0.068598,0.521052,315,105.0049,111.7092,111.1316,0.063847,-0.005171,0.058346,0.009032,0.054815
QCOM,2024-01-31,Q1,2024,0.291144,0.373688,0.082544,0.543768,268,141.5079,134.2282,134.4568,-0.051444,0.001704,-0.049828,0.003996,-0.055441
QCOM,2024-05-01,Q2,2024,0.324547,0.382558,0.058011,0.559431,233,157.1751,168.0551,172.4894,0.069222,0.026386,0.097435,0.012766,0.056455
QCOM,2024-07-31,Q3,2024,0.268532,0.339409,0.070877,0.589714,297,174.0228,165.1846,157.7217,-0.050788,-0.045179,-0.093672,-0.002742,-0.048045
QCOM,2024-11-06,Q4,2024,0.333943,0.401055,0.067112,0.531833,232,167.2313,174.2642,167.154,0.042054,-0.040801,-0.000462,0.006942,0.035112
ROP,2022-04-26,Q2,2022,0.326787,0.40108,0.074292,0.524628,276,460.1368,461.989,462.7494,0.004025,0.001646,0.005678,0.011157,-0.007132
ROP,2022-07-22,Q3,2022,0.238055,0.317458,0.079403,0.603139,378,401.2007,399.1211,403.6025,-0.005183,0.011228,0.005987,-0.000437,-0.004746
ROP,2022-10-26,Q4,2022,0.298621,0.372862,0.074241,0.552897,361,380.0758,384.0854,391.5373,0.010549,0.019402,0.030156,0.003742,0.006808
ROP,2023-01-27,Q1,2023,0.252465,0.334293,0.081828,0.583879,434,425.186,424.2555,414.7745,-0.002188,-0.022347,-0.024487,-0.011485,0.009297
ROP,2023-04-27,Q2,2023,0.25836,0.345591,0.087231,0.567178,353,444.3603,443.399,446.1261,-0.002163,0.00615,0.003974,0.0,-0.002163
ROP,2023-07-21,Q3,2023,0.259391,0.348244,0.088853,0.562904,333,490.5792,491.316,486.4336,0.001502,-0.009937,-0.00845,0.004429,-0.002927
ROP,2023-10-25,Q4,2023,0.253373,0.330532,0.077159,0.592309,460,473.389,475.081,472.5724,0.003574,-0.00528,-0.001725,0.001776,0.001799
ROP,2024-01-31,Q1,2024,0.275572,0.357013,0.081441,0.561546,883,529.0215,530.5682,537.7006,0.002924,0.013443,0.016406,0.003996,-0.001073
ROP,2024-04-26,Q2,2024,0.27161,0.355444,0.083834,0.560721,445,519.6777,515.3469,506.6557,-0.008334,-0.016865,-0.025058,0.005154,-0.013488
ROP,2024-07-24,Q3,2024,0.295274,0.403915,0.108641,0.487444,315,525.5047,534.5533,534.3163,0.017219,-0.000444,0.016768,-0.001065,0.018284
ROP,2024-10-23,Q4,2024,0.236526,0.345433,0.108907,0.54566,440,537.0823,537.844,536.2513,0.001418,-0.002961,-0.001547,0.004071,-0.002653
SNPS,2022-02-16,Q1,2022,0.312389,0.37068,0.05829,0.57103,298,306.79,318.59,293.31,0.038463,-0.07935,-0.043939,-0.009323,0.047786
SNPS,2022-05-18,Q2,2022,0.303891,0.371554,0.067663,0.560783,291,272.57,289.0,300.52,0.060278,0.039862,0.102542,-0.007488,0.067766
SNPS,2022-08-17,Q3,2022,0.257099,0.333748,0.076649,0.589604,293,381.0,384.35,373.32,0.008793,-0.028698,-0.020157,0.001,0.007793
SNPS,2022-11-30,Q4,2022,0.366564,0.408894,0.04233,0.548776,282,339.54,362.59,357.84,0.067886,-0.0131,0.053896,0.000956,0.06693
SNPS,2023-02-15,Q1,2023,0.239588,0.301451,0.061863,0.636686,333,379.48,357.87,359.71,-0.056946,0.005142,-0.052098,-0.014505,-0.042442
SNPS,2023-05-17,Q2,2023,0.263742,0.329311,0.065569,0.60512,392,377.08,387.5,409.71,0.027633,0.057316,0.086533,0.001231,0.026403
SNPS,2023-08-16,Q3,2023,0.228354,0.302539,0.074185,0.623276,405,428.21,450.16,424.1,0.05126,-0.057891,-0.009598,0.00445,0.04681
SNPS,2023-11-29,Q4,2023,0.307385,0.372765,0.06538,0.561855,329,552.46,558.47,543.23,0.010879,-0.027289,-0.016707,0.004165,0.006714
SNPS,2024-02-21,Q1,2024,0.274223,0.333836,0.059613,0.606551,304,543.57,589.99,580.9,0.085398,-0.015407,0.068676,0.025847,0.059551
SNPS,2024-05-22,Q2,2024,0.274397,0.325412,0.051015,0.623573,297,573.13,582.1,586.3,0.015651,0.007215,0.022979,0.011434,0.004216
SNPS,2024-08-21,Q3,2024,0.262247,0.329956,0.067709,0.602335,323,564.68,577.26,548.06,0.022278,-0.050584,-0.029433,0.005586,0.016693
SNPS,2024-12-04,Q4,2024,0.220152,0.29796,0.077808,0.624232,363,588.0,544.52,515.29,-0.073946,-0.05368,-0.123656,-0.001576,-0.07237
STX,2021-10-22,Q4,2021,0.290829,0.384574,0.093746,0.52168,406,75.8179,77.0008,77.4954,0.015601,0.006424,0.022125,0.003788,0.011814
STX,2022-01-26,Q1,2022,0.206493,0.360089,0.153596,0.486315,343,84.2465,93.8512,90.6934,0.114007,-0.033647,0.076524,0.016204,0.097803
STX,2022-04-27,Q2,2022,0.180785,0.34371,0.162925,0.493366,397,71.9646,71.9911,72.423,0.000367,0.005999,0.006369,0.015716,-0.015349
STX,2022-07-21,Q3,2022,0.135064,0.313055,0.177992,0.508953,403,74.4212,66.7575,68.3864,-0.102978,0.0244,-0.081091,-0.000431,-0.102547
STX,2022-10-26,Q4,2022,0.035526,0.250894,0.215368,0.533738,419,48.0775,47.8524,46.7898,-0.004683,-0.022205,-0.026784,0.003742,-0.008424
STX,2023-01-25,Q1,2023,0.154176,0.298596,0.14442,0.556984,425,56.8252,62.7953,62.9961,0.10506,0.003198,0.108594,0.009777,0.095283
STX,2023-04-20,Q2,2023,0.076333,0.276041,0.199708,0.52425,382,52.6931,51.7884,52.0838,-0.017169,0.005704,-0.011563,-0.004385,-0.012784
STX,2023-07-26,Q3,2023,0.094216,0.280648,0.186432,0.532921,339,54.1133,54.6361,58.0152,0.00966,0.061849,0.072106,0.013518,-0.003858
STX,2023-10-26,Q4,2023,0.24103,0.365654,0.124624,0.509721,340,62.1272,63.0897,64.3542,0.015492,0.020042,0.035844,0.006118,0.009374
STX,2024-01-24,Q1,2024,0.320626,0.400679,0.080052,0.519269,339,84.8613,86.7932,86.5933,0.022766,-0.002303,0.02041,0.0092,0.013565
STX,2024-04-23,Q2,2024,0.282578,0.378385,0.095808,0.525807,315,83.0082,83.9963,83.5646,0.011903,-0.005139,0.006703,0.007406,0.004497
STX,2024-07-23,Q3,2024,0.280068,0.373677,0.093609,0.532714,350,101.7033,105.2769,105.7888,0.035138,0.004862,0.040171,-0.013055,0.048193
SWKS,2022-02-03,Q1,2022,0.282442,0.354967,0.072526,0.572507,330,121.8839,118.4968,118.8575,-0.02779,0.003044,-0.02483,-0.005347,-0.022443
SWKS,2022-05-03,Q2,2022,0.252827,0.338611,0.085784,0.575604,344,105.5375,100.8291,100.2903,-0.044614,-0.005344,-0.04972,0.003894,-0.048507
SWKS,2022-08-04,Q3,2022,0.221321,0.320359,0.099038,0.580603,370,100.8305,100.3509,100.0667,-0.004757,-0.002832,-0.007576,-0.016015,0.011258
SWKS,2022-11-03,Q4,2022,0.215826,0.339843,0.124017,0.53614,342,73.5699,77.1259,78.5645,0.048336,0.018652,0.067889,0.020788,0.027548
SWKS,2023-02-06,Q1,2023,0.17757,0.282698,0.105128,0.612174,441,98.2979,103.1462,110.6121,0.049323,0.072382,0.125275,0.0015,0.047823
SWKS,2023-05-08,Q2,2023,0.219146,0.343155,0.124009,0.532836,252,95.1911,83.2877,90.2886,-0.125048,0.084057,-0.051501,-0.005491,-0.119557
SWKS,2023-08-07,Q3,2023,0.239314,0.351448,0.112134,0.536417,594,100.2385,96.9812,98.9556,-0.032495,0.020358,-0.012798,-0.006991,-0.025504
SWKS,2023-11-02,Q4,2023,0.185632,0.327132,0.1415,0.531369,295,81.9532,79.0505,83.3725,-0.035419,0.054674,0.017318,-0.001,-0.034419
SWKS,2024-01-31,Q1,2024,0.183536,0.330736,0.1472,0.522063,306,96.3383,96.3937,94.955,0.000574,-0.014925,-0.01436,0.003996,-0.003422
SWKS,2024-04-30,Q2,2024,0.12453,0.313608,0.189078,0.497314,270,98.947,84.5399,83.8251,-0.145605,-0.008455,-0.152829,-0.00535,-0.140255
SWKS,2024-07-30,Q3,2024,0.258365,0.340125,0.08176,0.578115,261,110.041,104.6741,106.2355,-0.048772,0.014917,-0.034582,0.03087,-0.079643
SWKS,2024-11-12,Q4,2024,0.222341,0.340917,0.118576,0.540507,309,81.9194,79.7923,78.2865,-0.025965,-0.018872,-0.044347,-0.002117,-0.023848
TDY,2022-04-27,Q2,2022,0.141924,0.27543,0.133506,0.591064,315,451.16,457.16,452.89,0.013299,-0.00934,0.003835,0.015716,-0.002417
TDY,2022-07-27,Q3,2022,0.115532,0.29192,0.176388,0.531692,238,372.01,373.55,383.46,0.00414,0.026529,0.030779,0.001144,0.002996
TDY,2022-10-26,Q4,2022,0.133994,0.275653,0.141658,0.582689,297,376.67,380.82,379.93,0.011018,-0.002337,0.008655,0.003742,0.007276
TDY,2023-01-25,Q1,2023,0.093947,0.287744,0.193796,0.51846,216,429.5,434.48,426.62,0.011595,-0.018091,-0.006705,0.009777,0.001818
TDY,2023-04-26,Q2,2023,0.202006,0.313983,0.111977,0.574039,267,404.92,404.86,410.99,-0.000148,0.015141,0.014991,0.004722,-0.004871
TDY,2023-07-26,Q3,2023,0.206988,0.358198,0.151209,0.490593,223,387.87,389.795,378.77,0.004963,-0.028284,-0.023461,0.013518,-0.008555
TDY,2023-10-25,Q4,2023,0.157539,0.272692,0.115153,0.612155,313,373.28,373.13,372.24,-0.000402,-0.002385,-0.002786,0.001776,-0.002178
TDY,2024-01-24,Q1,2024,0.174898,0.303257,0.128359,0.568383,311,417.92,419.67,424.91,0.004187,0.012486,0.016726,0.0092,-0.005013
TDY,2024-04-24,Q2,2024,0.027082,0.23084,0.203758,0.565401,271,362.5,365.44,376.98,0.00811,0.031578,0.039945,-0.012473,0.020583
TDY,2024-07-24,Q3,2024,0.176335,0.316609,0.140274,0.543117,208,417.0,415.81,415.7,-0.002854,-0.000265,-0.003118,-0.001065,-0.001788
TDY,2024-10-23,Q4,2024,0.134347,0.275304,0.140957,0.583739,237,470.09,470.56,472.86,0.001,0.004888,0.005892,0.004071,-0.003071
TEL,2022-01-26,Q1,2022,0.276103,0.39669,0.120588,0.482722,331,131.2099,133.4943,127.9931,0.01741,-0.04121,-0.024517,0.016204,0.001206
TEL,2022-04-27,Q2,2022,0.260425,0.357715,0.09729,0.544995,456,117.1246,118.9304,118.79,0.015418,-0.00118,0.01422,0.015716,-0.000299
TEL,2022-07-27,Q3,2022,0.20174,0.323542,0.121803,0.554655,414,120.15,121.7949,123.3457,0.01369,0.012733,0.026598,0.001144,0.012546
TEL,2022-11-02,Q4,2022,0.208589,0.357454,0.148864,0.493682,373,107.249,106.645,106.5978,-0.005632,-0.000442,-0.006072,-0.013968,0.008336
TEL,2023-01-25,Q1,2023,0.167092,0.321974,0.154882,0.523143,367,117.1456,116.975,117.8092,-0.001457,0.007132,0.005665,0.009777,-0.011234
TEL,2023-04-26,Q2,2023,0.189344,0.328027,0.138682,0.533291,393,114.4342,114.2058,115.5672,-0.001997,0.011921,0.0099,0.004722,-0.006719
TEL,2023-07-26,Q3,2023,0.231439,0.343966,0.112527,0.543507,377,138.1611,139.7394,137.6062,0.011424,-0.015266,-0.004016,0.013518,-0.002094
TEL,2023-11-01,Q4,2023,0.203846,0.326276,0.12243,0.551294,414,118.0697,118.6751,119.2037,0.005128,0.004454,0.009604,0.009032,-0.003904
TEL,2024-01-24,Q1,2024,0.242993,0.358915,0.115922,0.525164,415,138.6499,139.5091,139.2581,0.006196,-0.001799,0.004386,0.0092,-0.003004
TEL,2024-04-24,Q2,2024,0.257578,0.351065,0.093487,0.555448,366,135.7027,137.021,136.168,0.009714,-0.006225,0.003429,-0.012473,0.022187
TEL,2024-07-24,Q3,2024,0.233951,0.322694,0.088743,0.588563,381,152.6943,152.3974,150.4455,-0.001945,-0.012808,-0.014727,-0.001065,-0.000879
TEL,2024-10-30,Q4,2024,0.251433,0.360495,0.109062,0.530442,368,148.3959,145.8735,144.1236,-0.016997,-0.011997,-0.02879,-0.010975,-0.006022
TER,2022-04-27,Q2,2022,0.152866,0.297499,0.144632,0.557869,390,104.5539,106.8845,109.8249,0.022291,0.027509,0.050414,0.015716,0.006575
TER,2022-07-27,Q3,2022,0.055167,0.276515,0.221349,0.502136,375,96.4199,95.3961,97.4142,-0.010619,0.021156,0.010312,0.001144,-0.011762
TER,2022-10-26,Q4,2022,0.073695,0.264871,0.191175,0.543954,357,81.0773,81.9941,78.7214,0.011307,-0.039913,-0.029058,0.003742,0.007565
TER,2023-01-26,Q1,2023,0.047048,0.254681,0.207634,0.537685,398,102.3134,100.231,102.0864,-0.020353,0.018511,-0.002219,-0.006317,-0.014036
TER,2023-04-27,Q2,2023,0.097305,0.279886,0.182581,0.537533,419,89.2797,89.423,90.2775,0.001605,0.009556,0.011176,0.0,0.001605
TER,2023-07-27,Q3,2023,0.151761,0.312716,0.160955,0.52633,379,109.4112,111.696,111.0827,0.020882,-0.00549,0.015278,0.009285,0.011597
TER,2023-10-26,Q4,2023,0.113353,0.279026,0.165673,0.555301,358,84.2757,83.9886,83.0084,-0.003407,-0.01167,-0.015038,0.006118,-0.009525
TER,2024-01-31,Q1,2024,0.150546,0.305953,0.155407,0.53864,369,95.7457,96.281,94.3083,0.005591,-0.020488,-0.015012,0.003996,0.001594
TER,2024-04-25,Q2,2024,0.184702,0.311553,0.126851,0.561595,410,108.0843,109.6027,113.2647,0.014048,0.033412,0.047929,0.007895,0.006154
TER,2024-07-25,Q3,2024,0.246812,0.337605,0.090793,0.571602,430,123.4979,124.3174,125.6086,0.006635,0.010387,0.017091,0.013485,-0.00685
TER,2024-10-24,Q4,2024,0.17364,0.264518,0.090878,0.644604,322,110.0792,110.5465,111.1033,0.004245,0.005036,0.009303,0.005674,-0.001429
TRMB,2022-05-05,Q2,2022,0.297616,0.424637,0.127021,0.448341,322,63.27,62.39,64.08,-0.013909,0.027088,0.012802,-0.009103,-0.004806
TRMB,2022-08-05,Q3,2022,0.158295,0.281394,0.123099,0.595507,372,68.1,68.45,68.24,0.00514,-0.003068,0.002056,-0.000884,0.006024
TRMB,2022-11-02,Q4,2022,0.219817,0.359018,0.139201,0.50178,370,53.65,52.94,52.06,-0.013234,-0.016623,-0.029637,-0.013968,0.000734
TRMB,2023-02-08,Q1,2023,0.173999,0.309582,0.135584,0.554834,388,56.24,57.05,57.45,0.014403,0.007011,0.021515,0.015443,-0.001041
TRMB,2023-05-03,Q2,2023,0.219237,0.3295,0.110263,0.560238,427,47.41,47.28,47.6,-0.002742,0.006768,0.004008,-0.00398,0.001238
TRMB,2023-08-03,Q3,2023,0.247962,0.379474,0.131512,0.489014,319,55.51,55.51,55.77,0.0,0.004684,0.004684,-0.0034,0.0034
TRMB,2023-11-01,Q4,2023,0.183044,0.326132,0.143088,0.530781,386,40.96,41.28,41.84,0.007813,0.013566,0.021484,0.009032,-0.00122
TRMB,2024-02-12,Q1,2024,0.245798,0.32719,0.081392,0.591418,427,54.69,54.75,55.96,0.001097,0.0221,0.023222,-0.021672,0.022769
TRMB,2024-05-03,Q2,2024,0.211561,0.298279,0.086717,0.615004,394,55.93,56.83,56.2,0.016092,-0.011086,0.004827,0.003802,0.01229
TRMB,2024-08-06,Q3,2024,0.232474,0.315587,0.083113,0.601301,329,51.53,52.06,50.59,0.010285,-0.028237,-0.018242,0.024229,-0.013943
TRMB,2024-11-06,Q4,2024,0.583269,0.633776,0.050507,0.315717,231,72.64,72.65,72.14,0.000138,-0.00702,-0.006883,0.006942,-0.006805
TXN,2022-04-26,Q2,2022,0.043182,0.208628,0.165446,0.625927,269,149.6394,142.6301,150.4834,-0.046842,0.055061,0.00564,0.011157,-0.057999
TXN,2022-07-26,Q3,2022,0.123458,0.254593,0.131135,0.614272,244,143.869,149.1822,153.44,0.036931,0.028541,0.066526,0.016475,0.020456
TXN,2022-10-25,Q4,2022,0.088291,0.203309,0.115018,0.681673,331,145.9822,137.3444,142.1202,-0.05917,0.034772,-0.026455,-0.02522,-0.03395
TXN,2023-01-24,Q1,2023,0.079353,0.222855,0.143502,0.633643,292,160.6024,160.2305,158.7881,-0.002316,-0.009002,-0.011297,-0.016906,0.01459
TXN,2023-04-25,Q2,2023,0.059564,0.202706,0.143142,0.654152,282,154.7633,156.2069,150.259,0.009328,-0.038077,-0.029104,0.017573,-0.008246
TXN,2023-07-25,Q3,2023,0.050012,0.212065,0.162053,0.625883,237,171.2835,162.8242,162.005,-0.049387,-0.005031,-0.05417,-0.010479,-0.038909
TXN,2023-10-24,Q4,2023,0.050087,0.222184,0.172097,0.60572,333,136.1775,131.0797,131.4226,-0.037435,0.002616,-0.034917,0.00478,-0.042216
TXN,2024-01-23,Q1,2024,-0.03474,0.172836,0.207576,0.619587,301,163.0878,160.2346,159.0934,-0.017495,-0.007122,-0.024492,0.006886,-0.024381
TXN,2024-04-23,Q2,2024,0.043082,0.18621,0.143128,0.670663,246,156.032,168.0642,164.8393,0.077114,-0.019189,0.056445,0.007406,0.069707
TXN,2024-07-23,Q3,2024,0.1242,0.250467,0.126267,0.623266,401,188.3107,195.9746,188.3012,0.040698,-0.039155,-5e-05,-0.013055,0.053753
TXN,2024-10-22,Q4,2024,0.058727,0.22392,0.165193,0.610887,368,185.3831,192.1401,192.8091,0.036449,0.003482,0.040058,-0.003711,0.04016
TYL,2022-04-28,Q2,2022,0.25411,0.36072,0.10661,0.53267,383,403.66,400.28,394.71,-0.008373,-0.013915,-0.022172,-0.01091,0.002537
TYL,2022-07-28,Q3,2022,0.196474,0.318928,0.122453,0.558619,426,398.35,398.16,399.0,-0.000477,0.00211,0.001632,0.003098,-0.003575
TYL,2022-10-27,Q4,2022,0.117071,0.299692,0.182621,0.517687,366,333.53,332.1,330.5,-0.004287,-0.004818,-0.009085,0.005556,-0.009844
TYL,2023-02-16,Q1,2023,0.193051,0.324557,0.131506,0.543937,394,339.09,336.22,343.6,-0.008464,0.02195,0.0133,-0.007133,-0.001331
TYL,2023-04-27,Q2,2023,0.183565,0.274328,0.090764,0.634908,301,386.2,381.56,379.03,-0.012015,-0.006631,-0.018566,0.0,-0.012015
TYL,2023-07-27,Q3,2023,0.199058,0.318181,0.119122,0.562697,268,383.39,389.01,390.67,0.014659,0.004267,0.018988,0.009285,0.005374
TYL,2023-11-02,Q4,2023,0.243068,0.336203,0.093135,0.570662,324,405.75,408.26,416.25,0.006186,0.019571,0.025878,-0.001,0.007186
TYL,2024-02-15,Q1,2024,0.240468,0.339392,0.098923,0.561685,397,441.11,443.07,440.98,0.004443,-0.004717,-0.000295,0.00269,0.001753
TYL,2024-04-25,Q2,2024,0.271412,0.334452,0.06304,0.602508,320,458.07,459.0,460.74,0.00203,0.003791,0.005829,0.007895,-0.005864
TYL,2024-07-25,Q3,2024,0.337916,0.408052,0.070136,0.521811,324,564.34,570.91,590.65,0.011642,0.034576,0.046621,0.013485,-0.001843
TYL,2024-10-24,Q4,2024,0.201324,0.297921,0.096598,0.605481,353,611.67,613.5,605.86,0.002992,-0.012453,-0.009499,0.005674,-0.002683
VRSN,2022-04-28,Q2,2022,0.08503,0.231742,0.146712,0.621546,117,205.8536,182.9294,176.4897,-0.111362,-0.035203,-0.142645,-0.01091,-0.100452
VRSN,2022-07-28,Q3,2022,0.05574,0.227281,0.171541,0.601177,156,180.2923,178.6231,186.8308,-0.009258,0.04595,0.036266,0.003098,-0.012356
VRSN,2022-10-27,Q4,2022,0.132895,0.238688,0.105793,0.655518,133,183.5022,192.7865,200.8658,0.050595,0.041908,0.094623,0.005556,0.045038
VRSN,2023-02-09,Q1,2023,0.14435,0.2591,0.11475,0.62615,169,205.5277,200.9942,207.5919,-0.022058,0.032826,0.010044,-0.007445,-0.014613
VRSN,2023-04-27,Q2,2023,0.18139,0.266185,0.084794,0.649021,137,214.2292,209.5772,219.0688,-0.021715,0.04529,0.022591,0.0,-0.021715
VRSN,2023-07-27,Q3,2023,0.077779,0.223709,0.14593,0.63036,166,206.8709,205.7548,205.7153,-0.005395,-0.000192,-0.005586,0.009285,-0.01468
VRSN,2023-10-26,Q4,2023,0.086329,0.228264,0.141936,0.6298,144,202.0115,198.0015,190.258,-0.01985,-0.039108,-0.058182,0.006118,-0.025968
VRSN,2024-02-08,Q1,2024,0.040237,0.204292,0.164055,0.631653,158,198.5447,199.7299,195.9372,0.00597,-0.018989,-0.013133,0.004193,0.001776
VRSN,2024-04-25,Q2,2024,0.070779,0.196906,0.126128,0.676966,152,180.4305,177.102,173.3192,-0.018448,-0.02136,-0.039413,0.007895,-0.026342
VRSN,2024-07-25,Q3,2024,0.0707,0.182659,0.111959,0.705382,189,174.5637,174.1489,181.8331,-0.002376,0.044124,0.041643,0.013485,-0.015861
VRSN,2024-10-24,Q4,2024,0.108021,0.23831,0.13029,0.6314,152,182.8405,184.6973,179.028,0.010156,-0.030695,-0.020851,0.005674,0.004481
WDC,2021-10-28,Q4,2021,0.184889,0.337482,0.152593,0.509925,414,43.1141,37.5743,39.3582,-0.128492,0.047476,-0.087116,-0.009823,-0.118668
WDC,2022-01-27,Q1,2022,0.166092,0.331827,0.165735,0.502439,411,40.5249,36.9496,37.5593,-0.088224,0.0165,-0.07318,0.012419,-0.100643
WDC,2022-04-28,Q2,2022,0.157673,0.293637,0.135964,0.5704,393,39.5991,40.0055,39.9453,0.010264,-0.001505,0.008744,-0.01091,0.021174
WDC,2022-08-05,Q3,2022,0.189457,0.366879,0.177422,0.455698,348,35.4442,35.2034,35.813,-0.006795,0.017319,0.010406,-0.000884,-0.005911
WDC,2022-10-27,Q4,2022,0.069021,0.284418,0.215397,0.500185,341,25.8474,25.7797,26.7205,-0.002621,0.036496,0.03378,0.005556,-0.008177
WDC,2023-01-31,Q1,2023,0.086692,0.279449,0.192757,0.527794,386,33.0808,32.998,32.6066,-0.002503,-0.011861,-0.014334,-0.000736,-0.001767
WDC,2023-05-08,Q2,2023,0.085926,0.255128,0.169202,0.575671,362,25.727,24.9969,25.2904,-0.028379,0.011743,-0.016969,-0.005491,-0.022888
WDC,2023-07-31,Q3,2023,0.121497,0.295481,0.173984,0.530534,719,32.0345,31.613,32.2679,-0.013158,0.020714,0.007284,-0.003252,-0.009906
WDC,2023-10-31,Q4,2023,0.241481,0.378015,0.136534,0.485451,393,30.2205,29.9722,31.4173,-0.008219,0.048217,0.039601,0.001768,-0.009987
WDC,2024-01-25,Q1,2024,0.220281,0.366009,0.145729,0.488262,290,45.4098,44.3034,43.8292,-0.024366,-0.010703,-0.034809,-0.007006,-0.01736
WDC,2024-04-25,Q2,2024,0.316735,0.381784,0.065049,0.553167,410,52.2669,53.4411,53.712,0.022465,0.00507,0.02765,0.007895,0.014571
WDC,2024-07-31,Q3,2024,0.347738,0.431331,0.083592,0.485077,316,50.4679,45.4174,45.5604,-0.100075,0.003149,-0.097241,-0.002742,-0.097332
ZBRA,2022-05-03,Q2,2022,0.335951,0.444631,0.10868,0.446689,303,368.14,364.17,367.87,-0.010784,0.01016,-0.000733,0.003894,-0.014678
ZBRA,2022-08-02,Q3,2022,0.313631,0.421812,0.108181,0.470006,333,323.32,322.22,326.41,-0.003402,0.013004,0.009557,0.004899,-0.008301
ZBRA,2022-11-01,Q4,2022,0.224341,0.373676,0.149335,0.476989,335,238.3,236.07,236.03,-0.009358,-0.000169,-0.009526,-0.00071,-0.008648
ZBRA,2023-02-16,Q1,2023,0.297584,0.420633,0.123049,0.456318,317,333.44,329.12,322.58,-0.012956,-0.019871,-0.03257,-0.007133,-0.005823
ZBRA,2023-05-02,Q2,2023,0.203766,0.362554,0.158787,0.478659,349,255.44,255.45,258.5,3.9e-05,0.01194,0.011979,0.001204,-0.001165
ZBRA,2023-08-01,Q3,2023,0.048222,0.265936,0.217713,0.516351,413,254.77,250.1,241.15,-0.01833,-0.035786,-0.05346,-0.008788,-0.009542
ZBRA,2023-10-31,Q4,2023,0.140001,0.289215,0.149215,0.56157,364,209.43,209.57,197.99,0.000668,-0.055256,-0.054624,0.001768,-0.0011
ZBRA,2024-02-15,Q1,2024,0.223343,0.361306,0.137963,0.50073,313,283.75,282.41,275.46,-0.004722,-0.02461,-0.029216,0.00269,-0.007413
ZBRA,2024-04-30,Q2,2024,0.269333,0.388408,0.119075,0.492517,351,314.56,311.61,309.05,-0.009378,-0.008215,-0.017517,-0.00535,-0.004028
ZBRA,2024-07-30,Q3,2024,0.263759,0.368983,0.105223,0.525794,383,348.12,357.78,351.19,0.027749,-0.018419,0.008819,0.03087,-0.003121
ZBRA,2024-10-29,Q4,2024,0.342473,0.432147,0.089673,0.47818,361,384.68,381.36,383.89,-0.008631,0.006634,-0.002054,-0.009129,0.000499
